entry_signal_time,entry_time,entry_price,exit_time,exit_price,qty,stop_initial,stop_final,take_profit,risk_usd,reason,fees,slippage_cost,pnl,r_multiple,bars_held,equity_at_entry
2019-09-02 16:00:00+00:00,2019-09-02 20:00:00+00:00,10176.853907064688,2019-09-10 20:00:00+00:00,10012.56517677089,0.0119,9756.912166468272,9756.912166468272,,4.997306713097359,signal,0.2402540870976434,0.3123598904962066,-2.1952899775938306,-0.43929462481064674,48,500.0
2019-09-11 20:00:00+00:00,2019-09-12 00:00:00+00:00,10171.959000674757,2019-09-12 04:00:00+00:00,10100.449971009111,0.00972,9660.027956022632,9660.027956022632,,4.975969754018658,signal,0.1970478152047672,0.25620976835007636,-0.8921155835548404,-0.1792847681267267,1,497.80471002240614
2019-09-12 08:00:00+00:00,2019-09-12 12:00:00+00:00,10182.672130520104,2019-09-16 16:00:00+00:00,10106.573371995115,0.01046,9707.847810148123,9707.847810148123,,4.966662391090933,signal,0.2122255079563092,0.27592181417137834,-1.0082185221276916,-0.2029971926290394,25,496.91259443885133
2019-10-09 12:00:00+00:00,2019-10-09 16:00:00+00:00,8563.578644191699,2019-10-15 16:00:00+00:00,8110.69165456363,0.01142,8129.390745199472,8129.390745199472,,4.9584258064912285,stop,0.19042016681178586,0.34051853173052105,-5.362389588364323,-1.0814701676778653,36,495.9043759167236
2019-10-20 16:00:00+00:00,2019-10-20 20:00:00+00:00,8245.706785120832,2019-10-22 20:00:00+00:00,8157.288130858844,0.0158,7935.271004050463,7935.271004050463,,4.9048853409118385,signal,0.25916731967247897,0.3369927373394112,-1.656182057011904,-0.33765968863688317,12,490.5419863283593
2019-10-25 12:00:00+00:00,2019-10-25 16:00:00+00:00,8273.692247155303,2019-11-08 16:00:00+00:00,8809.29263502782,0.00973,7771.658802278676,7771.658802278676,,4.884785418649572,signal,0.1662174429036418,0.21609952600040586,5.04517433109595,1.0328343824140218,84,488.8858042713474
2019-12-06 16:00:00+00:00,2019-12-06 20:00:00+00:00,7442.7536576269795,2019-12-10 00:00:00+00:00,7329.098800903944,0.01088,6989.147864683895,6989.147864683895,,4.935231027220762,signal,0.16071775474881647,0.20894884114663,-1.3972825958954473,-0.28312404995603957,19,493.93097860244336
2019-12-10 00:00:00+00:00,2019-12-10 04:00:00+00:00,7393.340011189005,2019-12-10 08:00:00+00:00,7341.611936565253,0.01505,7066.220400702134,7066.220400702134,,4.923150137827411,signal,0.22176102681370158,0.28832902308747255,-1.0002685499011648,-0.20317652760892313,1,492.5336960065479
2019-12-18 20:00:00+00:00,2019-12-19 00:00:00+00:00,7287.291447826906,2019-12-19 04:00:00+00:00,7149.632858417367,0.01037,6813.736233879822,6813.736233879822,,4.910767568631261,signal,0.14971090505575313,0.1946302721769136,-1.5772304772326748,-0.3211779941098462,1,491.5334274566468
2019-12-22 16:00:00+00:00,2019-12-22 20:00:00+00:00,7409.0799874205695,2019-12-27 08:00:00+00:00,7102.225971873892,0.01686,7118.601171875595,7118.601171875595,,4.897472830088259,stop,0.24466061847370463,0.43827885993951377,-5.41821932059068,-1.1063296333780859,27,489.95619697941413
2019-12-27 12:00:00+00:00,2019-12-27 16:00:00+00:00,7247.160098393422,2019-12-31 20:00:00+00:00,7164.421922859299,0.01431,6908.6056233333875,6908.6056233333875,,4.844714538109096,signal,0.20622973872412645,0.26814329189330016,-1.3902130306174172,-0.2869545810556716,25,484.5379776588234
2019-12-31 20:00:00+00:00,2020-01-01 00:00:00+00:00,7204.600829864501,2020-01-02 04:00:00+00:00,7119.978110322991,0.02037,6967.506211266108,6967.506211266108,,4.829617380849268,signal,0.2917916730116192,0.3795484970605708,-2.0155564700721698,-0.41733253612685617,7,483.147764628206
2020-01-03 04:00:00+00:00,2020-01-03 08:00:00+00:00,7211.643658307217,2020-01-23 12:00:00+00:00,8412.02903303882,0.01669,6923.377800464794,6923.377800464794,,4.811157167390046,signal,0.2607590972185654,0.3390510957295513,19.77367280705188,4.109961932043615,121,481.13220815813384
2020-01-24 12:00:00+00:00,2020-01-24 16:00:00+00:00,8518.861279194667,2020-01-25 00:00:00+00:00,8428.01691810939,0.01326,8141.167835164527,8141.167835164527,,5.008215067839659,signal,0.2247156048962518,0.29217562799078434,-1.4293118328870236,-0.2853934612483746,2,500.9058809651857
2020-01-26 16:00:00+00:00,2020-01-26 20:00:00+00:00,8578.128525512617,2020-02-16 20:00:00+00:00,9733.23951337532,0.01587,8263.557836358283,8263.557836358283,,4.992236836879285,signal,0.2906014107771515,0.37784902261890385,18.04100996660395,3.613812917153512,125,499.47656913229866
2020-02-16 20:00:00+00:00,2020-02-17 00:00:00+00:00,9923.584883965135,2020-02-17 08:00:00+00:00,9740.330067670897,0.00985,9398.458549491443,9398.458549491443,,5.172494394565866,signal,0.19368956227361492,0.251813440498244,-1.9987495027718722,-0.38641888232333793,2,517.5175790989026
2020-02-18 12:00:00+00:00,2020-02-18 16:00:00+00:00,9843.470604718435,2020-02-20 00:00:00+00:00,9582.176612053963,0.0097,9312.532988469358,9312.532988469358,,5.150094877616046,signal,0.18842877800269225,0.2449637288453716,-2.7229805068480744,-0.5287243383967577,6,515.5188295961308
2020-02-23 20:00:00+00:00,2020-02-24 00:00:00+00:00,9949.319798977549,2020-02-24 04:00:00+00:00,9740.959302982836,0.01316,9559.712998934336,9559.712998934336,,5.127225488568681,signal,0.2591240729817987,0.33690252729042475,-3.001148200272212,-0.5853357155762646,1,512.7958490892827
2020-03-23 20:00:00+00:00,2020-03-24 00:00:00+00:00,6473.6549797862635,2020-03-29 20:00:00+00:00,5898.71153089591,0.00553,5552.921061578005,5552.921061578005,,5.091658567691669,signal,0.06841918680407243,0.08894147236365649,-3.2478564591677284,-0.6378778969541475,35,509.79470088901047
2020-03-30 00:00:00+00:00,2020-03-30 04:00:00+00:00,6017.09251361852,2020-04-13 04:00:00+00:00,6666.851574166964,0.00985,5502.910486835898,5502.910486835898,,5.0646929638088185,signal,0.12493684926468701,0.16243575359781948,6.275189897137487,1.2390069727777406,84,506.5468444298428
2020-04-13 08:00:00+00:00,2020-04-13 12:00:00+00:00,6779.812846896168,2020-04-15 12:00:00+00:00,6774.041706297766,0.01126,6324.686068778408,6324.686068778408,,5.124727521605969,signal,0.15261640226896367,0.1984140431379989,-0.21759944540697518,-0.042460685858822914,12,512.8220343269802
2020-04-16 04:00:00+00:00,2020-04-16 08:00:00+00:00,6902.20151461798,2020-04-20 12:00:00+00:00,6956.364475146696,0.01142,6453.5265581792455,6453.5265581792455,,5.123868002530346,signal,0.15826482360311261,0.20575459076206415,0.460276185634811,0.08982982883390253,25,512.6044348815732
2020-04-20 12:00:00+00:00,2020-04-20 16:00:00+00:00,7080.593374165951,2020-04-20 20:00:00+00:00,6760.140077272987,0.01364,6704.503209474477,6704.503209474477,,5.129869846391696,signal,0.1887876042776271,0.2454285696200328,-4.5597705738976515,-0.8888667179548333,1,513.064711067208
2020-04-22 12:00:00+00:00,2020-04-22 16:00:00+00:00,7121.3962765758415,2020-05-10 20:00:00+00:00,8489.608748943429,0.01369,6749.960783907297,6749.960783907297,,5.084951894632376,signal,0.21371465879935883,0.277873153287737,18.517114087912915,3.6415514780895752,108,508.50494049331036
2020-05-10 20:00:00+00:00,2020-05-11 00:00:00+00:00,8734.109836196782,2020-05-11 08:00:00+00:00,8653.055909605015,0.00566,7804.1241343806505,7804.1241343806505,,5.263719072279304,signal,0.09841135812123818,0.12793822450939635,-0.557176582630639,-0.10585226433624419,2,527.0220545812233
2020-05-11 08:00:00+00:00,2020-05-11 12:00:00+00:00,8937.774203857542,2020-05-12 00:00:00+00:00,8550.909070207348,0.00581,8032.655848576915,8032.655848576915,,5.258737644180441,signal,0.10160924982231702,0.1320911265076286,-2.3492956763299446,-0.4467413731753251,3,526.4648779985927
2020-05-12 08:00:00+00:00,2020-05-12 12:00:00+00:00,8812.351516359593,2020-05-21 16:00:00+00:00,9070.692607002627,0.00559,7876.303243142794,7876.303243142794,,5.232509847281909,signal,0.09996621664959483,0.1299614033054381,1.3441604800449696,0.2568863737051943,55,524.1155823222628
2020-05-28 08:00:00+00:00,2020-05-28 12:00:00+00:00,9279.268577330617,2020-06-11 16:00:00+00:00,9509.16151597224,0.012,8841.599730916945,8841.599730916945,,5.252026156964053,signal,0.22546116111963432,0.2931247363005314,2.5332541025798605,0.4823384398458926,85,525.4597428023077
2020-06-22 16:00:00+00:00,2020-06-22 20:00:00+00:00,9575.943812997704,2020-06-24 12:00:00+00:00,9319.188219930642,0.0181,9284.313262424377,9284.313262424377,,5.278512965377225,signal,0.3420018897960031,0.4446372345138196,-4.9892781243098625,-0.9452052418996583,10,527.9929969048876
2020-07-06 12:00:00+00:00,2020-07-06 16:00:00+00:00,9317.11793486353,2020-07-09 16:00:00+00:00,9196.6077379469,0.02013,9057.37524894411,9057.37524894411,,5.2286202675579405,signal,0.372681297793674,0.4845330639317489,-2.798551561725418,-0.5352371024320913,18,523.0037187805777
2020-07-09 20:00:00+00:00,2020-07-10 00:00:00+00:00,9244.426306907979,2020-07-10 08:00:00+00:00,9143.086634443232,0.01952,8978.027593026743,8978.027593026743,,5.2001028949617165,signal,0.35892425261517563,0.466716806511844,-2.337074659127012,-0.4494285413835485,2,520.2051672188524
2020-07-10 12:00:00+00:00,2020-07-10 16:00:00+00:00,9257.932478970524,2020-07-14 08:00:00+00:00,9169.26196889413,0.02039,9004.050226076888,9004.050226076888,,5.176659136501257,signal,0.3757304947919603,0.4885548004576882,-2.1837221952496293,-0.4218400589391596,22,517.8680925597253
2020-07-14 08:00:00+00:00,2020-07-14 12:00:00+00:00,9244.814539895451,2020-07-15 20:00:00+00:00,9173.515931633103,0.02307,9021.318881014977,9021.318881014977,,5.156044850372553,signal,0.4249108839781638,0.5524943926123681,-2.069769776590533,-0.40142586743421765,8,515.6843703644756
2020-07-19 20:00:00+00:00,2020-07-20 00:00:00+00:00,9220.965868734433,2020-07-20 04:00:00+00:00,9180.023437301481,0.03377,9068.890134398749,9068.890134398749,,5.135597548516019,signal,0.6214014088648329,0.8081982094907718,-2.004027318355554,-0.390222812325829,1,513.6146005878851
2020-07-21 04:00:00+00:00,2020-07-21 08:00:00+00:00,9327.39194862066,2020-08-19 20:00:00+00:00,11634.642465509656,0.02956,9154.334080673398,9154.334080673398,,5.1155905765210425,signal,0.6196377372816921,0.8057903207612678,67.58268754195706,13.211121283266962,177,511.61057326952954
2020-08-19 20:00:00+00:00,2020-08-20 00:00:00+00:00,11769.661893289831,2020-08-20 04:00:00+00:00,11684.578622144856,0.00999,11190.415929892119,11190.415929892119,,5.786667174343152,signal,0.23430786274919255,0.30462777873831487,-1.0842897414874955,-0.18737724303464434,1,579.1932608114867
2020-08-20 08:00:00+00:00,2020-08-20 12:00:00+00:00,11832.503879324076,2020-08-21 12:00:00+00:00,11700.368557091333,0.01066,11290.667672478312,11290.667672478312,,5.775973964975841,signal,0.25086042017218824,0.32614613500105494,-1.659422955173227,-0.2872975129797296,6,578.1089710699991
2020-08-24 04:00:00+00:00,2020-08-24 08:00:00+00:00,11773.858371802506,2020-08-24 20:00:00+00:00,11733.104478305831,0.01541,11399.876470873822,11399.876470873822,,5.76306109331103,signal,0.36224229752016956,0.4709895987837417,-0.990259796303917,-0.1718287868669785,3,576.4495481148259
2020-08-30 20:00:00+00:00,2020-08-31 00:00:00+00:00,11726.39724374233,2020-08-31 04:00:00+00:00,11663.893956628119,0.01647,11377.056189976876,11377.056189976876,,5.753647155517025,signal,0.3852380960701013,0.5009068387710705,-1.414667234841204,-0.2458731299650024,1,575.459288318522
2020-08-31 12:00:00+00:00,2020-08-31 16:00:00+00:00,11757.416068695451,2020-09-01 00:00:00+00:00,11634.363102775496,0.01648,11409.098109079792,11409.098109079792,,5.7402799744660475,signal,0.3854965207458413,0.5012056783608624,-2.413409399106712,-0.4204340920376804,2,574.0446210836808
2020-09-01 00:00:00+00:00,2020-09-01 04:00:00+00:00,11706.630862308115,2020-09-02 08:00:00+00:00,11326.812784531938,0.01616,11352.925972630417,11352.925972630417,,5.71587101719159,stop,0.3722204493329353,0.6676350545705607,-6.510080586195954,-1.1389481264737473,7,571.631211684574
2020-09-15 00:00:00+00:00,2020-09-15 04:00:00+00:00,10769.103137647704,2020-09-21 12:00:00+00:00,10313.10987920054,0.01307,10336.885343699234,10336.885343699234,,5.6490865669065045,stop,0.2755445241302065,0.4935049300534167,-6.23537641203464,-1.1037848930414238,38,565.1211310983781
2020-09-24 16:00:00+00:00,2020-09-24 20:00:00+00:00,10667.720919350459,2020-09-27 12:00:00+00:00,10609.80639916206,0.01274,10229.208765588312,10229.208765588312,,5.586644838929757,signal,0.2710756980378495,0.3524459872001963,-1.0089066852380597,-0.18059259436140165,16,558.8857546863435
2020-09-27 12:00:00+00:00,2020-09-27 16:00:00+00:00,10768.803824058206,2020-09-29 00:00:00+00:00,10682.202906259688,0.01556,10410.372408538697,10410.372408538697,,5.577192825483582,signal,0.3337776647237465,0.4339826809449523,-1.6812879456686858,-0.301457740171088,8,557.8768480011054
2020-09-29 04:00:00+00:00,2020-09-29 08:00:00+00:00,10740.948224947495,2020-09-30 08:00:00+00:00,10692.638975777842,0.01615,10396.620926220772,10396.620926220772,,5.560885874436569,signal,0.3461524332917142,0.45008837408989444,-1.1263468073815943,-0.2025480890660638,6,556.1955600554367
2020-09-30 12:00:00+00:00,2020-09-30 16:00:00+00:00,10791.40302779997,2020-09-30 20:00:00+00:00,10692.55935250633,0.01691,10463.280239854095,10463.280239854095,,5.548556344164757,signal,0.3632938038509796,0.472358449215447,-2.0347403530664394,-0.36671527274050525,1,555.0692132480551
2020-09-30 20:00:00+00:00,2020-10-01 00:00:00+00:00,10790.603647105136,2020-10-01 16:00:00+00:00,10702.297148118687,0.01688,10463.051396274253,10463.051396274253,,5.529081994025296,signal,0.3628001654233781,0.4717369028912457,-1.8534138683146182,-0.33521186162864103,4,553.0344728949888
2020-10-05 04:00:00+00:00,2020-10-05 08:00:00+00:00,10700.206082107277,2020-10-05 12:00:00+00:00,10652.65951938537,0.0208,10435.278812549788,10435.278812549788,,5.510487206795781,signal,0.44413960451104706,0.5775445046156965,-1.4331081091266924,-0.260069219897529,1,551.1810590266741
2020-10-05 12:00:00+00:00,2020-10-05 16:00:00+00:00,10739.956701028328,2020-10-06 20:00:00+00:00,10557.60532451088,0.02096,10477.78829003233,10477.78829003233,,5.495049894476135,signal,0.44639690005530186,0.5804112518057225,-4.268481751861003,-0.7767867141937816,7,549.7479509175474
2020-10-07 16:00:00+00:00,2020-10-07 20:00:00+00:00,10664.750142942401,2020-10-08 08:00:00+00:00,10578.446414005926,0.02102,10405.360512621168,10405.360512621168,,5.452370029352321,signal,0.44653199162705387,0.5806507822446927,-2.2606363738717334,-0.41461536207223837,3,545.4794691656864
2020-10-08 12:00:00+00:00,2020-10-08 16:00:00+00:00,10911.126974081026,2020-11-26 12:00:00+00:00,17077.76934366457,0.01799,10609.250593627827,10609.250593627827,,5.43075608435306,signal,0.5035202447562434,0.6547933711920305,110.43437598405174,20.334990978923198,293,543.2188327918147
2020-11-28 12:00:00+00:00,2020-11-28 16:00:00+00:00,17539.812668632934,2020-12-09 00:00:00+00:00,18300.288184562625,0.00423,15996.368589201207,15996.368589201207,,6.528768455996209,signal,0.15160362660901722,0.19709466761740574,3.065207805773582,0.46949249715823616,61,653.6532087758665
2020-12-12 08:00:00+00:00,2020-12-12 12:00:00+00:00,18530.159579920877,2020-12-12 16:00:00+00:00,18375.089680597895,0.00664,17541.528039035697,17541.528039035697,,6.564513431477596,signal,0.24505085508984467,0.3185865315045972,-1.2747149865944465,-0.19418270674594734,1,656.7184165816401
2020-12-12 16:00:00+00:00,2020-12-12 20:00:00+00:00,18829.737953002303,2021-01-11 16:00:00+00:00,31541.76198761066,0.00655,17829.73295091253,17829.73295091253,,6.550032763688016,signal,0.32993332461101493,0.4290640733152634,82.93382410207373,12.661589200261892,176,655.4437015950457
2021-01-11 20:00:00+00:00,2021-01-12 00:00:00+00:00,35456.40359088324,2021-01-17 08:00:00+00:00,34715.720581899324,0.00097,27913.349990537026,27913.349990537026,,7.3167619923358265,signal,0.06806696044759909,0.08848631871439663,-0.7865294791619988,-0.10749693375100543,32,738.3775256971194
2021-01-17 12:00:00+00:00,2021-01-17 16:00:00+00:00,35774.917390450406,2021-01-18 04:00:00+00:00,35062.62885406296,0.00147,30776.85660771442,30776.85660771442,,7.347149350621901,signal,0.10413119297943466,0.13537014848953738,-1.15119534146897,-0.15668598616026863,3,737.5909962179574
2021-01-18 04:00:00+00:00,2021-01-18 08:00:00+00:00,36147.48129912677,2021-01-20 00:00:00+00:00,35855.26693483497,0.00157,31482.560279350568,31482.560279350568,,7.323926001048638,signal,0.11304431472731993,0.14695885193812785,-0.5718208666654476,-0.07807572968153617,10,736.4398008764883
2021-01-29 08:00:00+00:00,2021-01-29 12:00:00+00:00,37071.961057903805,2021-01-29 20:00:00+00:00,34277.8806254805,0.00154,32306.72504807343,32306.72504807343,,7.338463455138779,signal,0.10987875619241183,0.14283566593188413,-4.412762622124305,-0.6013196971137406,2,735.8679800098229
2021-01-30 16:00:00+00:00,2021-01-30 20:00:00+00:00,34331.07284627847,2021-01-31 04:00:00+00:00,33886.1101542043,0.00151,29512.85912816198,29512.85912816198,,7.275502714355895,signal,0.10300794633072899,0.13391086503199062,-0.774901611362715,-0.10650832551181551,2,731.4552173876986
2021-02-01 04:00:00+00:00,2021-02-01 08:00:00+00:00,33846.5437870688,2021-02-01 16:00:00+00:00,33116.89165751424,0.00184,29883.37774805173,29883.37774805173,,7.292225511791402,signal,0.12321272121803281,0.1601759183803812,-1.4657726395984056,-0.2010048423801865,2,730.6803157763358
2021-02-01 16:00:00+00:00,2021-02-01 20:00:00+00:00,33882.12027456493,2021-02-02 00:00:00+00:00,33473.5168227152,0.00189,30034.73135775717,30034.73135775717,,7.271565052766665,signal,0.12730215411385945,0.16549492399597932,-0.8995626781098451,-0.12370963768901194,1,729.2145431367373
2021-02-02 04:00:00+00:00,2021-02-02 08:00:00+00:00,34267.87107373918,2021-02-22 04:00:00+00:00,56349.56944777734,0.00206,30734.277024822764,30734.277024822764,,7.279203740767818,end,0.18667192747432404,0.24275374948138811,45.30162672304429,6.223431619220736,118,728.3149804586275
2021-02-22 08:00:00+00:00,2021-02-22 12:00:00+00:00,54585.86990332787,2021-02-23 04:00:00+00:00,49690.741057493244,0.00161,49805.293664471945,49805.293664471945,,7.696727744558036,stop,0.16788534364692204,0.2985302415935764,-8.049042785440662,-1.0457746528882654,4,773.6166071816717
2021-02-23 04:00:00+00:00,2021-02-23 08:00:00+00:00,49707.455995509816,2021-02-23 12:00:00+00:00,46298.873020450694,0.00116,43128.08355420275,43128.08355420275,,7.6320720319161985,signal,0.1113673416585142,0.14477145106858283,-4.06532359272709,-0.5326631582781853,1,765.5675643962311
2021-02-24 00:00:00+00:00,2021-02-24 04:00:00+00:00,50935.900978889644,2021-02-24 20:00:00+00:00,48896.28170349802,0.00091,42637.31614756894,42637.31614756894,,7.551712196501841,signal,0.09084728624097277,0.11809914060638257,-1.9469008268473473,-0.25780919296013494,4,761.5022408035039
2021-02-25 00:00:00+00:00,2021-02-25 04:00:00+00:00,50272.23961029514,2021-02-25 20:00:00+00:00,49377.92477131525,0.00105,43049.65688999441,43049.65688999441,,7.583711856315761,signal,0.10463267260069092,0.13602208092887813,-1.043663253529573,-0.13761905427095095,4,759.5553399766566
2021-03-03 08:00:00+00:00,2021-03-03 12:00:00+00:00,51732.99599576575,2021-03-04 04:00:00+00:00,49510.44211947804,0.00155,46860.78449660078,46860.78449660078,,7.551927823705693,signal,0.1569273290786279,0.20400150824594893,-3.6018858373245877,-0.47694918720199847,4,758.511676723127
2021-03-07 04:00:00+00:00,2021-03-07 08:00:00+00:00,50106.895748224444,2021-03-08 08:00:00+00:00,49690.557412507784,0.00176,45824.058561904116,45824.058561904116,,7.537793447923781,signal,0.17564351756288873,0.2283394708613248,-0.9083989884242101,-0.12051258696594035,6,754.9097908858024
2021-03-08 08:00:00+00:00,2021-03-08 12:00:00+00:00,50556.02830715232,2021-03-22 20:00:00+00:00,55452.80664261301,0.00179,46366.71941201747,46366.71941201747,,7.498862922291386,signal,0.18975581456007995,0.24670077952536723,8.57547740591454,1.1435703645712434,86,754.0013918973782
2021-03-24 08:00:00+00:00,2021-03-24 12:00:00+00:00,56609.577713863764,2021-03-24 16:00:00+00:00,56224.931583815815,0.00188,52571.97038979144,52571.97038979144,,7.590701769255978,signal,0.21212887747963763,0.2757699244901468,-0.935263601969794,-0.12321174384136899,1,762.5768693032928
2021-03-29 08:00:00+00:00,2021-03-29 12:00:00+00:00,57929.35099320972,2021-04-07 12:00:00+00:00,56247.25280559176,0.00196,54047.67251017156,54047.67251017156,,7.608089826754802,signal,0.2237861434456509,0.2909192477312146,-3.5206985911768527,-0.46275723228133747,54,761.641605701323
2021-04-08 04:00:00+00:00,2021-04-08 08:00:00+00:00,57097.762497376505,2021-04-08 12:00:00+00:00,56347.82070732165,0.00239,53938.51939835935,53938.51939835935,,7.550591006651005,signal,0.27113494385922865,0.35248147823111237,-2.0634958220903172,-0.27328931209128776,1,758.1209071101462
2021-04-08 12:00:00+00:00,2021-04-08 16:00:00+00:00,57844.10093326046,2021-04-18 00:00:00+00:00,54465.20015288222,0.00232,54590.76081216914,54590.76081216914,,7.5477490809318715,stop,0.26055757851985106,0.4655348947099084,-8.09960738899737,-1.073115613959621,56,756.0574112880558
2021-04-30 12:00:00+00:00,2021-04-30 16:00:00+00:00,57254.38455761169,2021-05-04 16:00:00+00:00,53732.59632144248,0.00183,53181.136410310144,53181.136410310144,,7.454044109561828,signal,0.20310617500866915,0.26402917218965055,-6.647978647198329,-0.8918619945742604,24,747.9578038990585
2021-05-04 16:00:00+00:00,2021-05-04 20:00:00+00:00,54610.63231312049,2021-05-05 00:00:00+00:00,53135.88234017045,0.00181,50515.862219716015,50515.862219716015,,7.41153386906211,signal,0.19502119152245662,0.2535266510395744,-2.8643186425620257,-0.3864677262716861,1,741.3098252518602
2021-05-05 00:00:00+00:00,2021-05-05 04:00:00+00:00,54870.109229949434,2021-05-11 04:00:00+00:00,55070.754190091575,0.00166,50446.659761656796,50446.659761656796,,7.3429261173657805,signal,0.18250183327726807,0.23725556616404558,0.1505688005586734,0.0205052860606323,36,738.4455066092981
2021-05-11 04:00:00+00:00,2021-05-11 08:00:00+00:00,55810.35017821383,2021-05-11 12:00:00+00:00,55138.69561739718,0.00155,51069.71087960528,51069.71087960528,,7.347990912843248,signal,0.17197102098319705,0.22356356926580845,-1.2130355902490066,-0.16508398072849984,1,738.5960754098569
2021-05-11 12:00:00+00:00,2021-05-11 16:00:00+00:00,56125.69933177908,2021-05-12 16:00:00+00:00,55407.0065900632,0.0016,51524.286722264565,51524.286722264565,,7.362260175223221,signal,0.17845232947494766,0.23198838674539002,-1.3283607162203452,-0.18042838538778885,6,737.3830398196079
2021-06-03 04:00:00+00:00,2021-06-03 08:00:00+00:00,38684.99572273763,2021-06-04 08:00:00+00:00,36559.21082021204,0.00219,35328.995899262576,35328.995899262576,,7.349639613410372,signal,0.16478481232905978,0.2142146365310456,-4.8202537488600825,-0.6558489942914892,6,736.0546791033876
2021-06-05 00:00:00+00:00,2021-06-05 04:00:00+00:00,37458.67395612017,2021-06-05 12:00:00+00:00,35822.789304172344,0.00218,34114.712622868625,34114.712622868625,,7.289835706488361,signal,0.1597535899074377,0.20767694124625224,-3.7259821311536996,-0.5111201789962656,2,731.2344253545275
2021-06-09 20:00:00+00:00,2021-06-10 00:00:00+00:00,37436.65491227255,2021-06-12 04:00:00+00:00,35526.5950451956,0.00184,33483.81569482878,33483.81569482878,,7.273224160096534,signal,0.13425237992174138,0.1745237554215704,-3.648762535343309,-0.5016705734661258,13,727.5084432233738
2021-06-13 16:00:00+00:00,2021-06-13 20:00:00+00:00,37698.94538069689,2021-06-18 16:00:00+00:00,36308.70691556981,0.00219,34406.500620720224,34406.500620720224,,7.210454024348899,signal,0.16207675852882408,0.2106965386283007,-3.206698997157133,-0.4447291372122294,29,723.8596806880305
2021-06-29 08:00:00+00:00,2021-06-29 12:00:00+00:00,35601.862749119595,2021-06-30 04:00:00+00:00,35074.33332488878,0.00211,32190.11282768769,32190.11282768769,,7.198792334221311,signal,0.14912677371615768,0.19386558512701763,-1.2622138588431824,-0.17533688988956164,4,720.6529816908734
2021-07-03 04:00:00+00:00,2021-07-03 08:00:00+00:00,34544.38039183864,2021-07-05 12:00:00+00:00,33336.56542013885,0.00261,31789.075718724616,31789.075718724616,,7.1913451968276005,signal,0.17716926856926127,0.2303193761364444,-3.329566344705725,-0.46299631759778886,13,719.3907678320302
2021-07-05 16:00:00+00:00,2021-07-05 20:00:00+00:00,34162.33430639905,2021-07-06 00:00:00+00:00,33646.35130757544,0.00311,31862.774772812678,31862.774772812678,,7.151630149453603,signal,0.21088501225946066,0.2741558263414179,-1.8155921386008913,-0.25387108961998067,1,716.0612014873244
2021-07-06 00:00:00+00:00,2021-07-06 04:00:00+00:00,33964.788849302844,2021-07-08 04:00:00+00:00,33262.36188282075,0.00323,31760.056955547254,31760.056955547254,,7.12128401683056,signal,0.2171436968647592,0.2822922017371763,-2.485982798601924,-0.3490919323996222,12,714.2456093487235
2021-07-11 12:00:00+00:00,2021-07-11 16:00:00+00:00,33992.81602799974,2021-07-12 12:00:00+00:00,33486.409600310806,0.00402,32223.147703376573,32223.147703376573,,7.114066664985122,signal,0.2712664870258084,0.3526602393095096,-2.3070203263353335,-0.32428995045693154,5,711.7596265501217
2021-07-23 00:00:00+00:00,2021-07-23 04:00:00+00:00,32634.581462152004,2021-07-23 12:00:00+00:00,32254.522936347796,0.00375,30747.68320479431,30747.68320479431,,7.075868465091353,signal,0.24333414149437427,0.3163444717657785,-1.6685536132601442,-0.23580902068656562,2,709.4526062237862
2021-07-23 20:00:00+00:00,2021-07-24 00:00:00+00:00,33677.82521516217,2021-08-24 12:00:00+00:00,48247.933022299694,0.0037,31765.128804033047,31765.128804033047,,7.076976721177764,end,0.30312530547860894,0.394169113591162,53.60627358093025,7.574742109934338,187,707.784052610526
2021-08-24 16:00:00+00:00,2021-08-24 20:00:00+00:00,48305.91785227229,2021-08-26 04:00:00+00:00,46485.83913303101,0.00444,46593.005808048525,46593.005808048525,,7.605329476353506,stop,0.42087540101474674,0.754287301166727,-8.502024914446025,-1.1179035623480251,8,761.3903261914563
2021-08-27 04:00:00+00:00,2021-08-27 08:00:00+00:00,47541.49716409059,2021-08-31 00:00:00+00:00,46921.8302386517,0.00404,45680.09445043074,45680.09445043074,,7.5200669631858155,signal,0.38163184270707895,0.49613997877314575,-2.8850862214801793,-0.3836516663487177,22,752.8883012770102
2021-08-31 04:00:00+00:00,2021-08-31 08:00:00+00:00,47823.35197137308,2021-08-31 16:00:00+00:00,47335.511699020804,0.00445,46139.777636291146,46139.777636291146,,7.491905791114604,signal,0.4234569433332528,0.5505107119675987,-2.594346155300883,-0.34628654278832177,2,750.0032150555301
2021-09-01 08:00:00+00:00,2021-09-01 12:00:00+00:00,47775.330260873445,2021-09-01 16:00:00+00:00,47426.761647065985,0.00472,46192.693711641834,46192.693711641834,,7.470044512373195,signal,0.4493538738054742,0.5841878571711964,-2.0945977309766874,-0.28039963182377936,1,747.4088689002292
2021-09-01 16:00:00+00:00,2021-09-01 20:00:00+00:00,48209.842752323726,2021-09-07 12:00:00+00:00,46407.91353973033,0.00439,46514.898686914836,46514.898686914836,,7.440804447145014,stop,0.41537195012211725,0.7444469788411261,-8.325841193407143,-1.1189436911759871,34,745.3142711692525
2021-09-15 12:00:00+00:00,2021-09-15 16:00:00+00:00,48350.76621821977,2021-09-16 04:00:00+00:00,47553.16738832714,0.00408,46546.186856938744,46546.186856938744,,7.3626837940265775,signal,0.3912880491147115,0.5086896259619132,-3.6454912750766084,-0.49513076713062615,3,736.9884299758454
2021-09-16 04:00:00+00:00,2021-09-16 08:00:00+00:00,48406.36938680477,2021-09-16 20:00:00+00:00,47368.33759377288,0.00422,46670.34256262871,46670.34256262871,,7.32603319802295,signal,0.4041692634580377,0.5254397665945996,-4.784663430052632,-0.6531042517448394,3,733.3429387007689
2021-09-17 00:00:00+00:00,2021-09-17 04:00:00+00:00,47962.10431048281,2021-09-17 08:00:00+00:00,47657.690079965665,0.00424,46244.90632584695,46244.90632584695,,7.280919454856077,signal,0.40542792821550155,0.5270923373927141,-1.6961442656082113,-0.2329574274409741,1,728.5582752707162
2021-09-18 00:00:00+00:00,2021-09-18 04:00:00+00:00,47986.87657727148,2021-09-19 12:00:00+00:00,47266.20053267387,0.00438,46327.613712010956,46327.613712010956,,7.267571349841098,signal,0.41720847774156067,0.5424018753375497,-3.573769553079103,-0.49174192877476763,8,726.862131005108
2021-10-01 04:00:00+00:00,2021-10-01 08:00:00+00:00,44846.64679391393,2021-10-27 00:00:00+00:00,60250.380822227205,0.00346,42756.66497347003,42756.66497347003,,7.231337098735883,signal,0.36363571555184837,0.4728296620360749,52.93328402241207,7.319985681716509,154,723.2883614520289
2021-10-27 00:00:00+00:00,2021-10-27 04:00:00+00:00,60793.261798627536,2021-10-27 08:00:00+00:00,59872.05310804046,0.00347,58562.15676587633,58562.15676587633,,7.7419344636466825,signal,0.41870864272613795,0.544334356337136,-3.6153027990632722,-0.46697667308337776,1,776.221645474441
2021-10-28 08:00:00+00:00,2021-10-28 12:00:00+00:00,61039.87045324496,2021-10-28 16:00:00+00:00,58458.451372433046,0.00315,58593.21789661738,58593.21789661738,,7.706955553376887,stop,0.3764197137508857,0.6741534789022804,-8.5078898183084,-1.103923560916421,1,772.6063426753776
2021-10-28 16:00:00+00:00,2021-10-28 20:00:00+00:00,61368.5466226359,2021-10-29 00:00:00+00:00,60497.14975660426,0.00277,58611.20967329885,58611.20967329885,,7.637823349663624,signal,0.33756797897049523,0.43884241890763576,-2.7513372978781376,-0.36022531183564344,1,764.0984528570692
2021-10-29 00:00:00+00:00,2021-10-29 04:00:00+00:00,61723.117960128584,2021-10-29 08:00:00+00:00,60491.06696660353,0.00258,58783.264570138985,58783.264570138985,,7.584821746173164,signal,0.3153125971109688,0.40991296329461996,-3.4940041604055807,-0.46065738620270685,1,761.347115559191
2021-10-29 12:00:00+00:00,2021-10-29 16:00:00+00:00,62380.98151840729,2021-10-30 16:00:00+00:00,61297.40776936022,0.0026,59471.74787489156,59471.74787489156,,7.564007473140882,signal,0.3215638121481955,0.41803774752236345,-3.1388555596705885,-0.4149725619410591,6,757.8531113987855
2021-10-30 16:00:00+00:00,2021-10-30 20:00:00+00:00,61811.094459598615,2021-10-31 08:00:00+00:00,61282.825264019804,0.00304,59332.76773846298,59332.76773846298,,7.534113232252334,signal,0.3742055159598,0.48648875455959006,-1.9801438705193846,-0.2628237470659062,3,754.7142558391149
2021-11-01 04:00:00+00:00,2021-11-01 08:00:00+00:00,62257.12099716391,2021-11-01 16:00:00+00:00,61470.861226101624,0.00293,59693.05020085817,59693.05020085817,,7.512727433175829,signal,0.36252298791416804,0.4712898292124899,-2.6662641171266728,-0.35489962078919346,2,752.7341119685955
2021-11-02 08:00:00+00:00,2021-11-02 12:00:00+00:00,62995.088795829644,2021-11-03 16:00:00+00:00,60377.383797414,0.00302,60516.57364094366,60516.57364094366,,7.4851157677556825,stop,0.3725848672315958,0.6673554908650926,-8.278053962446876,-1.1059353280956596,7,750.0678478514687
2021-11-03 16:00:00+00:00,2021-11-03 20:00:00+00:00,62881.63154161032,2021-11-04 08:00:00+00:00,61773.36655620663,0.0029,60330.84977538884,60330.84977538884,,7.397267122042295,signal,0.36149949448366914,0.46995945767069275,-3.575467952154355,-0.48334984977089923,3,741.7897938890219
2021-11-05 00:00:00+00:00,2021-11-05 04:00:00+00:00,62284.65862758082,2021-11-05 12:00:00+00:00,61179.989224182085,0.00318,59966.15230403783,59966.15230403783,,7.372850108866707,signal,0.39261758016860604,0.5104199028079722,-3.9054662829765903,-0.5297091661038672,2,738.2143259368676
2021-11-07 00:00:00+00:00,2021-11-07 04:00:00+00:00,62213.80727977305,2021-11-16 04:00:00+00:00,60828.219239320046,0.00382,60294.86244553864,60294.86244553864,,7.330369266775462,signal,0.47002054130293563,0.6110397145304833,-5.762966855833412,-0.7861768822416321,54,734.308859653891
2021-12-01 12:00:00+00:00,2021-12-01 16:00:00+00:00,58690.69043602457,2021-12-01 20:00:00+00:00,57353.251875751856,0.00291,56189.525658985964,56189.525658985964,,7.278389501182338,signal,0.33768787212726936,0.43899841039360943,-4.2296340825208745,-0.5811222498924785,1,728.5458927980576
2021-12-21 04:00:00+00:00,2021-12-21 08:00:00+00:00,48642.92557973956,2021-12-23 08:00:00+00:00,48067.03637063596,0.00361,46640.09999114672,46640.09999114672,,7.230200374820134,signal,0.3491229626408556,0.45388244486402124,-2.4280830075048527,-0.3358251336935121,12,724.3162587155367
2021-12-23 08:00:00+00:00,2021-12-23 12:00:00+00:00,48417.6268322838,2021-12-28 20:00:00+00:00,47627.46148024731,0.00451,46819.54948484663,46819.54948484663,,7.207328836941617,signal,0.4331633482895153,0.5631427376845684,-3.996809085974121,-0.5545479020588355,32,721.8881757080319
2022-01-20 12:00:00+00:00,2022-01-20 16:00:00+00:00,43365.00341407993,2022-01-20 20:00:00+00:00,41891.69073662992,0.00521,41988.26702783095,41988.26702783095,,7.172796572357168,stop,0.44418737652519835,0.7965032645138421,-8.120146426039753,-1.1320753828895027,1,717.8913666220578
2022-02-01 12:00:00+00:00,2022-02-01 16:00:00+00:00,38680.54141803521,2022-02-01 20:00:00+00:00,38328.206096941445,0.00457,37127.58927571376,37127.58927571376,,7.096991290409015,signal,0.35192997614344335,0.4575270173984958,-1.9621023935419544,-0.27646960708456414,1,709.7712201960181
2022-02-01 20:00:00+00:00,2022-02-02 00:00:00+00:00,38744.898412899856,2022-02-02 08:00:00+00:00,38232.36852584362,0.0046,37208.99763712269,37208.99763712269,,7.065143568574965,signal,0.35409542791821996,0.4603674804586844,-2.7117329083769164,-0.38381851438071646,2,707.8091178024763
2022-02-02 08:00:00+00:00,2022-02-02 12:00:00+00:00,38540.042679922495,2022-02-02 16:00:00+00:00,37381.119498502085,0.00507,37150.159675409945,37150.159675409945,,7.046706832878623,signal,0.38492029224461255,0.5004251298014748,-6.260660822046077,-0.8884520060966632,1,705.0973848940994
2022-02-04 04:00:00+00:00,2022-02-04 08:00:00+00:00,37918.5423600961,2022-02-17 20:00:00+00:00,41150.65274614215,0.00476,36451.86555481568,36451.86555481568,,6.981381593134791,signal,0.37636936870569415,0.4893261624208195,15.008476068873534,2.149785951198007,81,698.8367240720534
2022-02-28 16:00:00+00:00,2022-02-28 20:00:00+00:00,41383.16915319431,2022-03-04 16:00:00+00:00,40641.416462789784,0.00313,39109.10371948637,39109.10371948637,,7.117824807505841,signal,0.25673695297803023,0.3337603209661475,-2.5784228739441772,-0.36224871272824755,23,713.8452001409269
2022-03-09 00:00:00+00:00,2022-03-09 04:00:00+00:00,41271.31397537217,2022-03-10 04:00:00+00:00,39009.89163894292,0.00327,39099.822147526116,39099.822147526116,,7.1007782770566,stop,0.26251954235881036,0.4692923625340316,-7.657370582482471,-1.0783846901999858,6,711.2667772669827
2022-03-14 20:00:00+00:00,2022-03-15 00:00:00+00:00,39722.944845052945,2022-03-15 04:00:00+00:00,38718.00877080431,0.00448,38154.59075293404,38154.59075293404,,7.026226332692691,signal,0.35141547219904046,0.45685281263390554,-4.853529084832928,-0.6907732337413744,1,703.6094066845002
2022-03-15 16:00:00+00:00,2022-03-15 20:00:00+00:00,39787.36827244199,2022-03-16 00:00:00+00:00,39229.26315349384,0.00434,38180.613160351226,38180.613160351226,,6.973317186473927,signal,0.34293218038856155,0.44582701623498827,-2.765108396623532,-0.3965269788655226,1,698.7558775996672
2022-03-16 04:00:00+00:00,2022-03-16 08:00:00+00:00,39632.467356458306,2022-04-07 00:00:00+00:00,43114.34553936581,0.00374,37772.64554112907,37772.64554112907,,6.955733589331329,signal,0.3094730802303822,0.40235599592594123,12.712751323843662,1.8276650709196827,130,695.9907692030437
2022-04-07 08:00:00+00:00,2022-04-07 12:00:00+00:00,43823.65028178456,2022-04-07 16:00:00+00:00,43275.486326500744,0.00471,42321.04161121859,42321.04161121859,,7.077286838365701,signal,0.41023693342502376,0.5333319293867762,-2.9920891628117943,-0.4227734767781056,1,708.7035205268874
2022-05-30 08:00:00+00:00,2022-05-30 12:00:00+00:00,30705.247477856774,2022-06-01 20:00:00+00:00,30087.544679243765,0.00757,29773.401825365712,29773.401825365712,,7.054071589357346,signal,0.46020143662925117,0.5982782855004622,-5.136211622129707,-0.7281201440993083,14,705.7114313640756
2022-06-02 08:00:00+00:00,2022-06-02 12:00:00+00:00,30212.88834422592,2022-06-03 12:00:00+00:00,29719.51281267444,0.00626,29094.815515462473,29094.815515462473,,6.999135908059192,signal,0.37517683124219625,0.4877512275122872,-3.4637076587545153,-0.4948764682174853,6,700.5752197419458
2022-06-04 12:00:00+00:00,2022-06-04 16:00:00+00:00,29897.609987161435,2022-06-04 20:00:00+00:00,29616.851850518393,0.00757,28977.05549008791,28977.05549008791,,6.968597542846588,signal,0.45052447611123636,0.5857524943878221,-2.5758635704990525,-0.3696387335703194,1,697.1115120831913
2022-06-04 20:00:00+00:00,2022-06-05 00:00:00+00:00,29902.85975405202,2022-06-05 04:00:00+00:00,29728.244262110136,0.00793,29027.12470300393,29027.12470300393,,6.944578954811364,signal,0.47287465484816593,0.6148564510991559,-1.8575755059473238,-0.26748569179422355,1,694.5356485126922
2022-06-05 12:00:00+00:00,2022-06-05 16:00:00+00:00,30011.20120942487,2022-06-07 00:00:00+00:00,29167.835928948516,0.00892,29235.081378287206,29235.081378287206,,6.922988893747975,stop,0.5278770112742907,0.9474525961709732,-8.050695313123413,-1.1628929984842022,8,692.6780730067449
2022-06-07 16:00:00+00:00,2022-06-07 20:00:00+00:00,31100.088803601448,2022-06-08 00:00:00+00:00,29786.237410022495,0.00549,29854.90423420596,29854.90423420596,,6.836063285981227,stop,0.33426593091279544,0.5986604965391649,-7.547310081661209,-1.1040433310701703,1,684.6273776936214
2022-06-08 00:00:00+00:00,2022-06-08 04:00:00+00:00,30065.74541886721,2022-06-10 16:00:00+00:00,29416.228585275836,0.00464,28609.11627484763,28609.11627484763,,6.758759228250845,signal,0.27599635937922373,0.35879650786397743,-3.2897544672431707,-0.48673940824705975,15,677.0800676119602
2022-07-07 12:00:00+00:00,2022-07-07 16:00:00+00:00,20915.595808970622,2022-07-11 20:00:00+00:00,20008.308209056453,0.00782,20054.43412370021,20054.43412370021,,6.734284378814616,stop,0.32002492942097177,0.5730630786644666,-7.415013960749803,-1.1010841751911598,25,673.7903131447171
2022-07-14 16:00:00+00:00,2022-07-14 20:00:00+00:00,20635.15121061546,2022-07-26 08:00:00+00:00,21039.472471553803,0.00639,19593.576734550323,19593.576734550323,,6.655660902056213,signal,0.2663008453290616,0.3462021426039787,2.3173120120669637,0.34817158598795933,69,666.3752991839673
2022-07-26 20:00:00+00:00,2022-07-27 00:00:00+00:00,21282.301602691892,2022-07-27 04:00:00+00:00,21049.45939526913,0.00716,20349.35027419651,20349.35027419651,,6.679931512026935,signal,0.3030954087454009,0.39403060514700505,-1.9702456138923594,-0.29494997221828023,1,668.6926111960342
2022-07-27 04:00:00+00:00,2022-07-27 08:00:00+00:00,21373.86064431375,2022-08-17 20:00:00+00:00,23246.62961404371,0.00747,20481.349243723344,20481.349243723344,,6.667060162410336,signal,0.33331506222993024,0.4333423961171819,13.65626914165287,2.048319470498933,129,666.7223655821418
2022-08-17 20:00:00+00:00,2022-08-18 00:00:00+00:00,23373.006458381133,2022-08-18 20:00:00+00:00,23314.530912603983,0.00882,22601.96615236612,22601.96615236612,,6.800575499052417,signal,0.41178407961208874,0.5353347137544717,-0.9275383933665751,-0.13639116182091016,5,680.3786347237947
2022-09-10 16:00:00+00:00,2022-09-10 20:00:00+00:00,21607.153207906096,2022-09-13 12:00:00+00:00,20835.871023734206,0.00939,20883.90428289253,20883.90428289253,,6.7913074058773875,stop,0.3985399975351025,0.7144519257349258,-7.640879706909146,-1.1250970174456416,16,679.4510963304281
2022-09-27 00:00:00+00:00,2022-09-27 04:00:00+00:00,20125.16892629594,2022-09-27 16:00:00+00:00,19861.92573351735,0.00872,19355.087692401812,19355.087692401812,,6.715108359556802,signal,0.34868746543357193,0.4532934410292961,-2.6441681064628995,-0.39376402656254605,3,671.810216623519
2022-10-04 04:00:00+00:00,2022-10-04 08:00:00+00:00,19993.64844837866,2022-10-07 16:00:00+00:00,19551.8891896002,0.01146,19409.995254111287,19409.995254111287,,6.688665606304066,signal,0.45319186133123773,0.5891501056011706,-5.515752966932382,-0.8246417584000292,20,669.166048517056
2022-10-14 00:00:00+00:00,2022-10-14 04:00:00+00:00,19842.612237475685,2022-10-14 08:00:00+00:00,19616.66470715338,0.01142,19261.961040691283,19261.961040691283,,6.631036667277871,signal,0.45062494270766396,0.5858177962807409,-3.030945738988379,-0.45708475025408396,1,663.6502955501236
2022-10-17 08:00:00+00:00,2022-10-17 12:00:00+00:00,19482.875609716557,2022-10-18 16:00:00+00:00,19350.521121233556,0.01597,19069.458677227998,19069.458677227998,,6.602268411842264,signal,0.6201693457932735,0.8062372810734801,-2.733870526866781,-0.4140804881490626,7,660.6193498111352
2022-10-23 16:00:00+00:00,2022-10-23 20:00:00+00:00,19525.731357074532,2022-10-24 08:00:00+00:00,19297.279977845134,0.02106,19213.437768991153,19213.437768991153,,6.5769029650359965,signal,0.8176126187134081,1.0629272465711375,-5.628798665284535,-0.8558433498575613,3,657.8854792842684
2022-10-24 08:00:00+00:00,2022-10-24 12:00:00+00:00,19448.15075442387,2022-10-24 16:00:00+00:00,19276.86692174933,0.01955,19114.600405370104,19114.600405370104,,6.520909324001105,signal,0.7570740955691861,0.9842219287872207,-4.105673024356406,-0.6296166409253555,1,652.2566806189839
2022-10-24 16:00:00+00:00,2022-10-24 20:00:00+00:00,19369.098186643183,2022-10-25 00:00:00+00:00,19305.46857544827,0.01823,19013.645079550904,19013.645079550904,,6.479910142292209,signal,0.7050373520729272,0.9165973120832112,-1.86500516415623,-0.2878134300017471,1,648.1510075946275
2022-10-25 12:00:00+00:00,2022-10-25 16:00:00+00:00,19774.153416037792,2022-11-08 04:00:00+00:00,19355.01707644721,0.01725,19399.6366311944,19399.6366311944,,6.460414538548526,stop,0.6749781909953665,1.2125537460409652,-7.905080048932859,-1.2236180823636296,81,646.2860024304712
2022-12-08 16:00:00+00:00,2022-12-08 20:00:00+00:00,17273.747329813425,2022-12-12 00:00:00+00:00,16918.458037027034,0.02018,16957.461118047646,16957.461118047646,,6.382655753433429,stop,0.6899987043028405,1.2396656906308585,-7.859736632732165,-1.2314210473444644,19,638.3809223815383
2022-12-12 00:00:00+00:00,2022-12-12 04:00:00+00:00,16940.685109997852,2022-12-16 20:00:00+00:00,16682.42437271373,0.02868,16720.883449188204,16720.883449188204,,6.3039116320206885,stop,0.9643107799641681,1.733826068026388,-8.371228725272829,-1.3279419531757415,28,630.5211857488061
2022-12-20 12:00:00+00:00,2022-12-20 16:00:00+00:00,16940.14410209797,2022-12-21 08:00:00+00:00,16794.31776052674,0.01615,16554.99466691753,16554.99466691753,,6.220163378164108,signal,0.5448115590813891,0.7082799163753153,-2.8999069754567017,-0.4662107406433775,4,622.1499570235333
2022-12-21 08:00:00+00:00,2022-12-21 12:00:00+00:00,16900.413397138356,2022-12-21 20:00:00+00:00,16734.41580234658,0.01839,16563.791109333328,16563.791109333328,,6.190483872734469,signal,0.618544508978528,0.8041504682207778,-3.6712402771992743,-0.5930457703587569,2,619.2500500480766
2022-12-22 00:00:00+00:00,2022-12-22 04:00:00+00:00,16874.34989810473,2022-12-22 08:00:00+00:00,16804.354228371718,0.01982,16563.786114212617,16563.786114212617,,6.155374196741688,signal,0.6675119157867634,0.8678319741083275,-2.054826089895073,-0.33382634819874696,1,615.5788097708773
2022-12-23 04:00:00+00:00,2022-12-23 08:00:00+00:00,16870.354875374418,2022-12-23 16:00:00+00:00,16810.26750244643,0.02152,16585.367565718923,16585.367565718923,,6.132926903786252,signal,0.7248069935707047,0.9423042654103244,-2.017887258981034,-0.32902516052087,2,613.5239836809823
2022-12-26 20:00:00+00:00,2022-12-27 00:00:00+00:00,16941.38784162329,2022-12-27 04:00:00+00:00,16854.87808154464,0.03441,16763.695656569667,16763.695656569667,,6.1143880876951835,signal,1.1629295104162085,1.5119671443063667,-4.139730354722474,-0.6770473668580863,1,611.5060964220013
2023-01-06 16:00:00+00:00,2023-01-06 20:00:00+00:00,16962.433746753457,2023-02-10 16:00:00+00:00,21624.600601191134,0.03049,16763.23875657662,16763.23875657662,,6.073455250491749,signal,1.1765186772688305,1.5297792081952295,140.97294871453596,23.211325826945348,209,607.3663660672788
2023-02-10 16:00:00+00:00,2023-02-10 20:00:00+00:00,21800.564396415302,2023-02-11 00:00:00+00:00,21597.0766433255,0.01253,21203.75026625522,21203.75026625522,,7.478081050905821,signal,0.5437724422279523,0.7069144462152116,-3.0934739884431792,-0.41367216634653436,1,748.3393147818148
2023-02-15 08:00:00+00:00,2023-02-15 12:00:00+00:00,22473.45823542891,2023-02-23 08:00:00+00:00,23749.284913788008,0.01459,21962.910482111558,21962.910482111558,,7.448891720900161,end,0.6743898225470748,0.876761562740775,17.93992141471216,2.4084014222379126,47,745.2458407933716
2023-02-23 12:00:00+00:00,2023-02-23 16:00:00+00:00,23982.967494311215,2023-02-24 20:00:00+00:00,23152.132912858135,0.00553,22605.307130482925,22605.307130482925,,7.618461811970453,signal,0.26065710525164654,0.3388484354355269,-4.855172340687176,-0.6372903691738038,7,763.1857622080838
2023-02-26 08:00:00+00:00,2023-02-26 12:00:00+00:00,23283.67013175153,2023-02-28 08:00:00+00:00,23205.423055357438,0.00789,22323.542566494743,22323.542566494743,,7.575406489876036,signal,0.3667989452462897,0.4768485327493962,-0.984168377995644,-0.12991624664774246,11,758.3305898673966
2023-02-28 08:00:00+00:00,2023-02-28 12:00:00+00:00,23422.370123278848,2023-02-28 20:00:00+00:00,23233.137260421296,0.0081,22488.10441132456,22488.10441132456,,7.567552266829727,signal,0.37790960980797117,0.49128818914618966,-1.9106957989541513,-0.252485312500471,2,757.346421489401
2023-03-01 00:00:00+00:00,2023-03-01 04:00:00+00:00,23470.84286728318,2023-03-03 00:00:00+00:00,22439.69345646353,0.00771,22491.424281820706,22491.424281820706,,7.551317293915671,stop,0.3539702350560871,0.6337904702571461,-8.304132192475578,-1.0996931885204284,11,755.4357256904468
2023-03-13 12:00:00+00:00,2023-03-13 16:00:00+00:00,24012.896281683676,2023-04-20 16:00:00+00:00,28469.64067980093,0.00398,22136.104425757465,22136.104425757465,,7.469631586586319,signal,0.20888049710670875,0.27157769549332494,17.52896220739997,2.346697023033615,227,747.1315934979713
2023-04-26 08:00:00+00:00,2023-04-26 12:00:00+00:00,28989.948856911356,2023-04-26 16:00:00+00:00,27705.590677952485,0.00626,27769.46098796769,27769.46098796769,,7.640254059587349,stop,0.35491407748824766,0.6354473849602673,-8.394996277770787,-1.0987849634707307,1,764.6605557053713
2023-04-27 00:00:00+00:00,2023-04-27 04:00:00+00:00,28923.33198990546,2023-05-01 04:00:00+00:00,28523.939949618645,0.00371,26886.90026940098,26886.90026940098,,7.5551616830716135,signal,0.21312937889563444,0.27707036946408103,-1.6948738483597054,-0.22433323328570257,24,756.2655594276005
2023-05-03 20:00:00+00:00,2023-05-04 00:00:00+00:00,29063.89513079975,2023-05-06 16:00:00+00:00,28539.46951961765,0.00552,27699.32375406116,27699.32375406116,,7.5324339995970195,signal,0.31797057287030406,0.4133685737251749,-3.2127999465954815,-0.4265287882731351,16,754.5706855792407
2023-05-07 04:00:00+00:00,2023-05-07 08:00:00+00:00,28948.008790125823,2023-05-07 12:00:00+00:00,28802.57354905819,0.00646,27785.834284375036,27785.834284375036,,7.5076473071500915,signal,0.3730687619111287,0.4850506572969178,-1.3125804192080466,-0.17483245622872806,1,751.3578856326452
2023-05-07 12:00:00+00:00,2023-05-07 16:00:00+00:00,28980.28916089174,2023-05-08 00:00:00+00:00,28393.12790079426,0.00677,27872.65680644336,27872.65680644336,,7.498671039615559,signal,0.3884180335076143,0.5049828308599443,-4.36349976436756,-0.5819030787342376,2,750.0453052134371
2023-05-28 20:00:00+00:00,2023-05-29 00:00:00+00:00,28101.496543796544,2023-05-29 16:00:00+00:00,27594.577202696713,0.00864,27238.518350037233,27238.518350037233,,7.456131594080433,signal,0.48121407716970177,0.6256167071025494,-4.860997184272236,-0.6519462703865736,4,745.6818054490695
2023-05-29 20:00:00+00:00,2023-05-30 00:00:00+00:00,27772.454309786935,2023-05-30 16:00:00+00:00,27637.102506794767,0.00852,26903.21119199041,26903.21119199041,,7.405951363626403,signal,0.47208942407727617,0.6137961614932981,-1.6252867855705517,-0.21945685378829072,4,740.8208082647973
2023-05-30 16:00:00+00:00,2023-05-30 20:00:00+00:00,27886.419249027254,2023-05-31 04:00:00+00:00,27621.330557609446,0.00825,26990.888137109552,26990.888137109552,,7.388131673321032,signal,0.4579389359047528,0.5953917041969317,-2.6449206401016454,-0.357995871899875,2,739.1955214792267
2023-06-18 16:00:00+00:00,2023-06-18 20:00:00+00:00,26684.663881108645,2023-06-19 00:00:00+00:00,26305.73401056598,0.00941,25902.43259951236,25902.43259951236,,7.360796359821034,signal,0.4986396441606582,0.6483477818065011,-4.06436972596714,-0.5521644027747507,1,736.5506008391251
2023-06-19 16:00:00+00:00,2023-06-19 20:00:00+00:00,26716.978369165543,2023-07-18 20:00:00+00:00,29677.345668722788,0.00866,25871.21374338243,25871.21374338243,,7.32432165928176,signal,0.488374846168113,0.6349745858342457,25.148405967997633,3.4335474516098388,174,732.4862311131579
2023-07-18 20:00:00+00:00,2023-07-19 00:00:00+00:00,29897.967888109473,2023-07-20 00:00:00+00:00,29870.319780418235,0.00881,29038.099308274566,29038.099308274566,,7.575442188345538,signal,0.5265586143597292,0.6846965287598104,-0.7701384431194924,-0.1016625068176633,6,757.6346370811556
2023-07-20 00:00:00+00:00,2023-07-20 04:00:00+00:00,29986.94410380161,2023-07-20 16:00:00+00:00,29771.414414306808,0.00956,29195.581036714997,29195.581036714997,,7.565430921347992,signal,0.5712899074331166,0.7428090315702767,-2.631753739003443,-0.34786567564541626,3,756.8644986380361
2023-08-08 16:00:00+00:00,2023-08-08 20:00:00+00:00,29923.082147825928,2023-08-09 04:00:00+00:00,29677.362991078873,0.01193,29291.215958336015,29291.215958336015,,7.538163640614651,signal,0.7110333105071343,0.9244456399923655,-3.6424628504994416,-0.48320294227553284,2,754.2327448990327
2023-08-09 04:00:00+00:00,2023-08-09 08:00:00+00:00,29856.780402486802,2023-08-09 20:00:00+00:00,29377.96517116303,0.0108,29162.280803977566,29162.280803977566,,7.500595663899727,signal,0.6397352521954183,0.8317644982967599,-5.810939750492196,-0.7747304362052438,3,750.5902820485333
2023-09-14 12:00:00+00:00,2023-09-14 16:00:00+00:00,26728.67358493623,2023-09-15 00:00:00+00:00,26488.243677595347,0.00766,25757.021050721363,25757.021050721363,,7.442858412085895,signal,0.4076415862309919,0.5299946902311576,-2.249334676462155,-0.30221382054099405,2,744.779342298041
2023-09-15 00:00:00+00:00,2023-09-15 04:00:00+00:00,26650.00727223636,2023-09-15 12:00:00+00:00,26390.81299315793,0.00803,25726.394179062136,25726.394179062136,,7.416613138189017,signal,0.42591778673111624,0.5537831609997425,-2.507247847730895,-0.3380583294577925,2,742.5300076215789
2023-09-15 20:00:00+00:00,2023-09-16 00:00:00+00:00,26634.57367218881,2023-09-25 00:00:00+00:00,26214.261679855856,0.00821,25734.151513464138,25734.151513464138,,7.392465923129547,signal,0.43388893824028674,0.5641254570535352,-3.8846503952938463,-0.5254877649336945,54,740.0227597738481
2023-09-25 16:00:00+00:00,2023-09-25 20:00:00+00:00,26366.077246885274,2023-09-26 08:00:00+00:00,26237.829314430437,0.01261,25782.569605505858,25782.569605505858,,7.358031357794454,signal,0.6633352617381911,0.8626240282554889,-2.280541689993697,-0.30993910994656076,3,736.1381093785542
2023-09-27 08:00:00+00:00,2023-09-27 12:00:00+00:00,26801.489829630547,2023-09-27 16:00:00+00:00,26134.954520454554,0.0121,26195.205808770686,26195.205808770686,,7.336036652404298,stop,0.6405309766360296,1.1501185271548424,-8.7056082176656,-1.186690938193778,1,733.8575676885605
2023-09-27 20:00:00+00:00,2023-09-28 00:00:00+00:00,26407.295165153722,2023-10-11 16:00:00+00:00,26744.633519484814,0.01058,25722.09770384574,25722.09770384574,,7.249389140638481,signal,0.5623474054834758,0.7312012111770546,3.006692383339441,0.4147511362694803,82,725.1519594708949
2023-10-11 20:00:00+00:00,2023-10-12 00:00:00+00:00,26910.467514265565,2023-10-12 08:00:00+00:00,26775.797114738078,0.00936,26132.6180379537,26132.6180379537,,7.280671098279066,signal,0.5025034369274741,0.6534253395772771,-1.7630183765047605,-0.24215053155216495,2,728.1586518542343
2023-10-13 04:00:00+00:00,2023-10-13 08:00:00+00:00,26909.938523328598,2023-10-13 12:00:00+00:00,26786.034911204923,0.01096,26247.560133371677,26247.560133371677,,7.259667153927846,signal,0.5885078688424874,0.7652667888754585,-1.9464914577179684,-0.2681240636032216,1,726.3956334777296
2023-10-14 00:00:00+00:00,2023-10-14 04:00:00+00:00,26965.793631878587,2023-10-14 08:00:00+00:00,26833.859688170756,0.01094,26304.08595162952,26304.08595162952,,7.239082021924799,signal,0.5885682073213399,0.7654055441636543,-2.03192555148496,-0.28068828966586173,1,724.4491420200115
2023-10-14 12:00:00+00:00,2023-10-14 16:00:00+00:00,26977.60747232676,2023-10-14 20:00:00+00:00,26829.345990292473,0.01249,26399.485211573407,26399.485211573407,,7.220747036809387,signal,0.6720488487481142,0.8741936106082269,-2.523834759356305,-0.3495254364251355,1,722.4172164685266
2023-10-15 16:00:00+00:00,2023-10-15 20:00:00+00:00,27078.921607572145,2024-01-03 20:00:00+00:00,42541.280559883045,0.0151,26602.21365141047,26602.21365141047,,7.1982901380412505,signal,1.0512650527285734,1.3673208201054576,232.43035512716602,32.2896619433033,480,719.8933817091703
2024-01-03 20:00:00+00:00,2024-01-04 00:00:00+00:00,42900.9313296734,2024-01-13 00:00:00+00:00,42727.12175505158,0.00361,40267.70180072476,40267.70180072476,,9.505958599504591,signal,0.3091172716358572,0.40186366438476623,-0.9365698360206522,-0.09852450189184099,54,952.3237368363364
2024-01-29 16:00:00+00:00,2024-01-29 20:00:00+00:00,43051.88708617965,2024-01-31 12:00:00+00:00,42592.53341130459,0.00605,41479.565669050746,41479.565669050746,,9.512544573629887,signal,0.5181487440097797,0.6736292329941629,-3.29723847700393,-0.3466200291081252,10,951.3871670003157
2024-01-31 12:00:00+00:00,2024-01-31 16:00:00+00:00,43417.48247522374,2024-02-01 00:00:00+00:00,42524.64350856411,0.00563,41733.79415511513,41733.79415511513,,9.47916524221146,signal,0.4838541692887256,0.6290340822936953,-5.510537551582416,-0.5813315213710554,2,948.0899285233118
2024-02-01 16:00:00+00:00,2024-02-01 20:00:00+00:00,43275.127281476045,2024-02-04 08:00:00+00:00,42789.3219000096,0.00493,41364.46775703384,41364.46775703384,,9.41955145550007,signal,0.4242977344647243,0.5516442306295586,-2.8193182650943243,-0.29930493807623143,15,942.5793909717294
2024-02-04 08:00:00+00:00,2024-02-04 12:00:00+00:00,43116.08091406575,2024-02-04 20:00:00+00:00,42580.99365397992,0.00763,41885.64385838684,41885.64385838684,,9.388234734830093,signal,0.6538686789541884,0.8501899944549477,-4.7365844734091525,-0.5045234388778707,2,939.760072706635
2024-02-05 04:00:00+00:00,2024-02-05 08:00:00+00:00,43127.87081826322,2024-02-05 16:00:00+00:00,42588.59899930239,0.00713,41817.99446216124,41817.99446216124,,9.339418419007107,signal,0.6111584297992428,0.7945801691906887,-4.456166498989887,-0.47713533103099065,2,935.0234882332259
2024-02-06 00:00:00+00:00,2024-02-06 04:00:00+00:00,42906.81653491783,2024-02-06 12:00:00+00:00,42771.27973795171,0.00681,41542.14637124687,41542.14637124687,,9.293403814599277,signal,0.5834678356182416,0.758612187339307,-1.5064734229575265,-0.16210136275268314,2,930.567321734236
2024-02-06 12:00:00+00:00,2024-02-06 16:00:00+00:00,43301.113348183295,2024-02-07 04:00:00+00:00,42744.34022884043,0.00682,41939.75944162895,41939.75944162895,,9.284433642700611,signal,0.5868299933953018,0.7629746739183132,-4.384022667313616,-0.47219064038012903,3,929.0608483112785
2024-02-07 04:00:00+00:00,2024-02-07 08:00:00+00:00,42973.82606135048,2024-02-23 12:00:00+00:00,50844.91779227225,0.00728,41704.29291669465,41704.29291669465,,9.242201293094485,end,0.6830004552543736,0.8881473988895467,56.618547345856086,6.126088964125882,97,924.6768256439648
2024-02-23 16:00:00+00:00,2024-02-23 20:00:00+00:00,51165.52573033595,2024-04-02 04:00:00+00:00,66617.25143044944,0.00762,49878.56906876436,49878.56906876436,,9.806609761175494,signal,0.8975047619651848,1.1670357651352181,116.84464507289965,11.914886787428745,230,981.2953729898209
2024-04-04 16:00:00+00:00,2024-04-04 20:00:00+00:00,68589.05282232736,2024-04-05 08:00:00+00:00,66843.73453575687,0.00465,66227.81508728585,66227.81508728585,,10.979755467942963,signal,0.6297624612150916,0.818717532552767,-8.74549249376787,-0.7965106799784059,3,1098.1400180627204
2024-04-05 12:00:00+00:00,2024-04-05 16:00:00+00:00,68279.27020724305,2024-04-05 20:00:00+00:00,67324.76934455129,0.00409,65616.72441263968,65616.72441263968,,10.889812299927787,signal,0.554620521766839,0.7210296284093715,-4.458529050176196,-0.4094220292672778,1,1089.3945255689525
2024-04-06 04:00:00+00:00,2024-04-06 08:00:00+00:00,68080.41985184142,2024-04-06 12:00:00+00:00,67580.1796225856,0.00461,65730.3456452695,65730.3456452695,,10.833842092296548,signal,0.6253953635771086,0.8131128568693524,-2.9315028204464397,-0.27058755291725156,1,1084.9359965187764
2024-04-06 12:00:00+00:00,2024-04-06 16:00:00+00:00,68192.55461416054,2024-04-12 16:00:00+00:00,65837.3024672081,0.00491,65989.08022175924,65989.08022175924,,10.819059266690372,stop,0.6580865982695201,1.179982830374441,-12.222374639806048,-1.1297077073453319,36,1082.00449369833
2024-05-15 12:00:00+00:00,2024-05-15 16:00:00+00:00,64809.264711576114,2024-06-11 12:00:00+00:00,66803.03768510274,0.00581,62969.11189161156,62969.11189161156,,10.691287883994072,signal,0.7646674769247042,0.9941318238102893,10.819153499264985,1.0119597953640684,161,1069.782119058524
2024-06-11 16:00:00+00:00,2024-06-11 20:00:00+00:00,67494.65650072634,2024-06-12 00:00:00+00:00,67226.7014901047,0.0071,65973.67650457367,65973.67650457367,,10.798957972684029,signal,0.9565216417349004,1.2436715754136458,-2.8590022171486567,-0.2647479714598857,1,1080.601272557789
2024-06-12 08:00:00+00:00,2024-06-12 12:00:00+00:00,67866.55727504958,2024-06-12 20:00:00+00:00,67445.12297846536,0.00758,66445.484932533,66445.484932533,,10.771728356275617,signal,1.0256625363216432,1.3335061681084461,-4.220134504430064,-0.39177877169279063,2,1077.74227034064
2024-06-12 20:00:00+00:00,2024-06-13 00:00:00+00:00,68352.73289028484,2024-06-13 04:00:00+00:00,67387.22538568148,0.00552,66410.51565394778,66410.51565394778,,10.721039144580605,signal,0.7492845696833341,0.9741558254105527,-6.078885995093856,-0.5670052980047817,1,1073.52213583621
2024-06-13 04:00:00+00:00,2024-06-13 08:00:00+00:00,67812.85494526077,2024-06-13 16:00:00+00:00,66383.59541981616,0.00554,65888.03508331707,65888.03508331707,,10.663502035168076,signal,0.7434483350225263,0.9665611709630719,-8.661546105985565,-0.812260932423505,2,1067.443249841116
2024-07-15 00:00:00+00:00,2024-07-15 04:00:00+00:00,62729.3164779978,2024-08-02 20:00:00+00:00,62552.14951535097,0.00555,60823.17791257292,60823.17791257292,,10.579069038108091,signal,0.6953121362630857,0.9039671426899327,-1.678588778953042,-0.15867074625436348,112,1058.7817037351306
2024-08-23 16:00:00+00:00,2024-08-23 20:00:00+00:00,63711.560295243886,2024-08-24 00:00:00+00:00,63749.02417498395,0.00501,61601.587809072225,61601.587809072225,,10.570962155720036,end,0.6385775281958415,0.8301876625023165,-0.45088349069811784,-0.04265302288062218,1,1057.1031149561775
2019-09-14 12:00:00+00:00,2019-09-14 16:00:00+00:00,185.29068098875499,2019-09-24 16:00:00+00:00,176.9504291887834,0.6303,177.3583955254658,177.3583955254658,,4.999719527511174,stop,0.22832057174490245,0.40884240922317194,-5.485181281266989,-1.0970977974033425,60,500.0
2019-10-09 12:00:00+00:00,2019-10-09 16:00:00+00:00,190.88787044474364,2019-10-11 12:00:00+00:00,183.81065761464842,0.3975,178.44880709151408,178.44880709151408,,4.944527682908751,signal,0.14894266490360836,0.19366709996286005,-2.9621347648664482,-0.5990733503435243,11,494.51481871873295
2019-10-14 16:00:00+00:00,2019-10-14 20:00:00+00:00,186.0416232459731,2019-10-15 04:00:00+00:00,184.97906022239363,0.4724,175.6370417385054,175.6370417385054,,4.915124304127752,signal,0.1752701708704565,0.2279627723389432,-0.67722494320941,-0.13778388933941554,2,491.5526839538665
2019-10-25 16:00:00+00:00,2019-10-25 20:00:00+00:00,180.90488745362632,2019-11-15 16:00:00+00:00,179.65609152952462,0.3614,167.3223298036978,167.3223298036978,,4.908736334684159,signal,0.13030673780451074,0.16942284697035376,-0.5816215847748794,-0.11848702906800196,124,490.8754590106571
2019-11-16 04:00:00+00:00,2019-11-16 08:00:00+00:00,181.51601379676984,2019-11-18 20:00:00+00:00,178.5674707797888,0.6146,173.53879389671957,173.53879389671957,,4.9027993505709,signal,0.22130730962075296,0.28796653823654994,-2.0334818478573027,-0.4147593451117914,15,490.29383742588226
2020-01-05 00:00:00+00:00,2020-01-05 04:00:00+00:00,136.34723829968718,2020-01-05 12:00:00+00:00,134.88410929860694,0.7747,130.0453943513751,130.0453943513751,,4.882038506757361,signal,0.2101229249843985,0.2735690371368681,-1.3436089621212517,-0.2752147407812385,2,488.260355578025
2020-01-05 12:00:00+00:00,2020-01-05 16:00:00+00:00,137.41866546710688,2020-01-06 00:00:00+00:00,135.1937962098007,0.7762,131.14587714551735,131.14587714551735,,4.868938295217785,signal,0.21160179275361568,0.27544951752105473,-1.9385453102746624,-0.39814538462700977,2,486.9167466159038
2020-01-06 00:00:00+00:00,2020-01-06 04:00:00+00:00,139.67145506660853,2020-02-21 16:00:00+00:00,263.7265402043808,0.6825,132.56593540825133,132.56593540825133,,4.84951716682879,end,0.2753191317724502,0.3582543934704172,84.39227647475713,17.402201821659528,276,484.9782013056291
2020-02-21 20:00:00+00:00,2020-02-22 00:00:00+00:00,265.6649761624848,2020-02-25 16:00:00+00:00,251.85214103031436,0.2068,238.14331930712055,238.14331930712055,,5.691478637689321,signal,0.10702253983547087,0.13914230533284572,-2.9635168451683143,-0.5206936604389102,22,569.3704777803862
2020-03-06 20:00:00+00:00,2020-03-07 00:00:00+00:00,245.24849474244206,2020-03-07 20:00:00+00:00,238.33972843078814,0.3255,227.84774801424274,227.84774801424274,,5.663943060028881,signal,0.15740796664288645,0.20466343444335072,-2.4062114010862388,-0.4248297300280362,5,566.4069609352179
2020-03-26 20:00:00+00:00,2020-03-27 00:00:00+00:00,138.57995602958957,2020-03-28 00:00:00+00:00,131.15923320442144,0.3866,123.99369657202178,123.99369657202178,,5.639047906295706,signal,0.10428117055786866,0.13558944421000063,-2.97313261476787,-0.527240176741276,6,564.0007495341316
2020-03-28 20:00:00+00:00,2020-03-29 00:00:00+00:00,131.1102582646546,2020-03-29 20:00:00+00:00,124.84745365222327,0.4386,118.31979370367455,118.31979370367455,,5.609897756445847,signal,0.11226305244674263,0.1459681030123821,-2.8591291554591223,-0.509657979447833,5,561.0276169193637
2020-03-30 04:00:00+00:00,2020-03-30 08:00:00+00:00,130.19907495184972,2020-05-10 04:00:00+00:00,185.67828872651015,0.5006,119.05001537105879,119.05001537105879,,5.581219226143941,signal,0.15812820825738697,0.20563958440498564,27.614766207337624,4.947801741594845,244,558.1684877639045
2020-05-17 12:00:00+00:00,2020-05-17 16:00:00+00:00,209.05144208189756,2020-05-21 16:00:00+00:00,198.95099797840754,0.4503,196.04459787094737,196.04459787094737,,5.8569819481908665,signal,0.1837234987591554,0.2388589798015589,-4.731953478560712,-0.8079166916371222,24,585.7832539712422
2020-05-22 08:00:00+00:00,2020-05-22 12:00:00+00:00,203.48425020484632,2020-05-25 00:00:00+00:00,199.6400678163289,0.4245,189.7964083068999,189.7964083068999,,5.810488885678256,signal,0.1711262729999889,0.22251542392564955,-1.8029816969256274,-0.31029776192664826,15,581.0513004926814
2020-05-25 04:00:00+00:00,2020-05-25 08:00:00+00:00,204.46560272986306,2020-05-26 16:00:00+00:00,197.39298990681448,0.4528,191.67423158490487,191.67423158490487,,5.791932854437065,signal,0.1819615707458876,0.2366390862764079,-3.3844406570222816,-0.5843369980419473,8,579.2483187957558
2020-05-27 04:00:00+00:00,2020-05-27 08:00:00+00:00,203.13388705227806,2020-06-11 20:00:00+00:00,232.0778631405697,0.5434,192.53799590863042,192.53799590863042,,5.7578072474581266,signal,0.23649406505479348,0.30757739362232084,15.491662541322881,2.6905490016467497,93,575.8638781387335
2020-06-12 04:00:00+00:00,2020-06-12 08:00:00+00:00,235.79628042229425,2020-06-13 04:00:00+00:00,235.38337266580288,0.4329,222.1360338291028,222.1360338291028,,5.913520750192578,signal,0.2039736718218373,0.2653277677851067,-0.3827214396069536,-0.06471972548578442,5,591.3555406800564
2020-06-22 08:00:00+00:00,2020-06-22 12:00:00+00:00,236.88775362426918,2020-06-24 16:00:00+00:00,231.79821233490748,0.6775,228.16501562473798,228.16501562473798,,5.909654994682398,signal,0.3175347419373422,0.41296422354254275,-3.7656989654799133,-0.6372113040216982,13,590.9728192404494
2020-07-06 04:00:00+00:00,2020-07-06 08:00:00+00:00,233.12273980281128,2020-07-16 08:00:00+00:00,232.28755429896168,0.6712,224.37418107495967,224.37418107495967,,5.872032618133999,signal,0.31238338940111005,0.4062005101838592,-0.8729598995849699,-0.1486640072279396,60,587.2071202749695
2020-07-19 20:00:00+00:00,2020-07-20 00:00:00+00:00,239.43106863937842,2020-07-20 20:00:00+00:00,235.06378461283086,0.9067,232.96449688471145,232.96449688471145,,5.863240609956541,signal,0.43022448344377817,0.5596914268706777,-4.39004091031444,-0.7487396820897274,5,586.3341603753845
2020-07-21 04:00:00+00:00,2020-07-21 08:00:00+00:00,242.08445972089487,2020-08-19 20:00:00+00:00,395.3751953246574,0.7949,234.7637816323912,234.7637816323912,,5.8192070125515825,signal,0.5067166797957096,0.6591822685691477,121.34408905163511,20.852341013114884,177,581.9441194650701
2020-08-19 20:00:00+00:00,2020-08-20 00:00:00+00:00,407.9897591432073,2020-08-21 12:00:00+00:00,404.78303471323306,0.2152,375.31745812283947,375.31745812283947,,7.031079179583165,signal,0.17490870523790597,0.22740709733046527,-0.8649958025683588,-0.12302461407064395,9,703.2882085167053
2020-08-24 08:00:00+00:00,2020-08-24 12:00:00+00:00,407.45907759562704,2020-08-24 16:00:00+00:00,402.57586592097897,0.2866,382.9577183690423,382.9577183690423,,7.022089554339183,signal,0.23215601481185932,0.30185046595414045,-1.6316844807659976,-0.23236452171956784,1,702.423212714137
2020-08-24 20:00:00+00:00,2020-08-25 00:00:00+00:00,408.2100747533108,2020-08-25 04:00:00+00:00,400.8980211939617,0.2851,383.6309434775066,383.6309434775066,,7.007510326731768,signal,0.23067671815456742,0.29994046977042166,-2.3153431879249666,-0.3304088156805927,1,700.791528233371
2020-08-30 12:00:00+00:00,2020-08-30 16:00:00+00:00,417.3519086637297,2020-09-03 12:00:00+00:00,392.86323160267193,0.2961,393.76893778298324,393.76893778298324,,6.982917677789033,stop,0.23990470303288153,0.42863875532054807,-7.4910019808120865,-1.072761032918825,23,698.476185045446
2020-09-12 20:00:00+00:00,2020-09-13 00:00:00+00:00,388.28418844468223,2020-09-13 08:00:00+00:00,386.79642801882983,0.2162,356.32758470749803,356.32758470749803,,6.909017727979225,signal,0.1675724292794113,0.2178778040692973,-0.4892262333487025,-0.07080981010766536,2,690.9851830646338
2020-09-17 04:00:00+00:00,2020-09-17 08:00:00+00:00,380.4039322958372,2020-09-21 08:00:00+00:00,349.7377864950616,0.2312,350.5441127914212,350.5441127914212,,6.903590269420985,stop,0.1688087653844558,0.30061978651589305,-7.258821674523773,-1.0514560382698641,24,690.4959568312852
2020-09-28 12:00:00+00:00,2020-09-28 16:00:00+00:00,365.38444520245645,2020-09-29 00:00:00+00:00,353.4498216107348,0.3176,343.87760424319305,343.87760424319305,,6.830572688662051,signal,0.22830176313986955,0.29683645273080383,-4.018738215870684,-0.5883457213684758,2,683.2371351567614
2020-10-01 00:00:00+00:00,2020-10-01 04:00:00+00:00,362.8011889534187,2020-10-01 20:00:00+00:00,352.68087380903853,0.3825,345.04496858166345,345.04496858166345,,6.791754292196394,signal,0.2736718890066399,0.3558455427254219,-4.144692431732068,-0.6102535888988573,4,679.2183969408907
2020-10-05 20:00:00+00:00,2020-10-06 00:00:00+00:00,354.0901265300338,2020-10-06 08:00:00+00:00,350.2338497206494,0.4501,339.0931328985786,339.0931328985786,,6.750146833517997,signal,0.31701622171043253,0.41241619190391177,-2.0527264136143515,-0.30410100168806625,2,675.0737045091587
2020-10-06 12:00:00+00:00,2020-10-06 16:00:00+00:00,351.8068487662103,2020-10-06 20:00:00+00:00,339.9174486940321,0.3994,334.9571883354525,334.9571883354525,,6.729754376044677,signal,0.27627468440562086,0.3592203888279714,-5.024901073233593,-0.7466693124967975,1,673.0209780955444
2020-10-08 12:00:00+00:00,2020-10-08 16:00:00+00:00,349.6440029944129,2020-10-28 12:00:00+00:00,386.30707512770397,0.3599,331.0884698522692,331.0884698522692,,6.678136377857526,signal,0.26486879301614985,0.34439833922855184,12.930170867755294,1.9361944914194071,119,667.9960770223108
2020-10-28 20:00:00+00:00,2020-10-29 00:00:00+00:00,388.72484785459665,2020-10-29 08:00:00+00:00,386.69648263922966,0.2799,364.40000807713034,364.40000807713034,,6.808522653712828,signal,0.21704043040522197,0.2822414237812094,-0.7847798541864535,-0.11526433766927349,2,680.9262478900661
2020-10-29 12:00:00+00:00,2020-10-29 16:00:00+00:00,391.2179952234895,2020-10-29 20:00:00+00:00,387.9948464117222,0.2857,367.4142226057204,367.4142226057204,,6.800737836896621,signal,0.22262110885518,0.28945661552191193,-1.1434747243770857,-0.16813980362149752,1,680.1414680358796
2020-10-31 08:00:00+00:00,2020-10-31 12:00:00+00:00,390.81747827072644,2020-10-31 20:00:00+00:00,385.00868122555147,0.2976,368.00586878070914,368.00586878070914,,6.788734984229153,signal,0.23088586506609232,0.30021800064406756,-1.959583865710158,-0.2886522850372638,2,678.9979933115026
2020-11-01 20:00:00+00:00,2020-11-02 00:00:00+00:00,397.19578047229487,2020-11-02 12:00:00+00:00,383.560664589124,0.35,377.85472653628347,377.85472653628347,,6.769368877603999,signal,0.2732647557714966,0.3552905591098124,-5.045555314881312,-0.745350919134307,3,677.0384094457924
2020-11-04 16:00:00+00:00,2020-11-04 20:00:00+00:00,403.0232703459858,2020-11-26 20:00:00+00:00,499.5097612237956,0.2591,377.0919637019829,377.0919637019829,,6.718801551461153,signal,0.23384630847973034,0.30405621355949103,24.76580347796076,3.6860447935949057,132,671.992854130911
2020-11-26 20:00:00+00:00,2020-11-27 00:00:00+00:00,520.5057999014518,2020-11-27 16:00:00+00:00,495.6847471174826,0.0917,444.59259789746636,444.59259789746636,,6.961240623765466,signal,0.0931846731616363,0.12114054028997634,-2.3692752134516155,-0.3403524373748813,4,696.7586576088718
2020-11-27 16:00:00+00:00,2020-11-27 20:00:00+00:00,507.3587503464859,2020-12-08 12:00:00+00:00,572.9641486043354,0.1023,439.5318515251879,439.5318515251879,,6.938691749418784,signal,0.11051703256266901,0.1436907582220053,6.60091520921533,0.9513198521563163,63,694.3893823954202
2020-12-13 04:00:00+00:00,2020-12-13 08:00:00+00:00,579.8228872059564,2020-12-22 08:00:00+00:00,594.9654637453982,0.1888,542.6954265879978,542.6954265879978,,7.009664564670579,signal,0.22180004065961575,0.28837754935337145,2.6371184099870106,0.37621178383889514,52,700.9902976046355
2020-12-22 08:00:00+00:00,2020-12-22 12:00:00+00:00,612.3750964339425,2020-12-23 20:00:00+00:00,556.1272381993031,0.128,557.4093267546602,557.4093267546602,,7.035618518948138,stop,0.14956829883305545,0.2658796786303574,-7.349294152866904,-1.0445839456863646,8,703.6274160146224
2020-12-24 20:00:00+00:00,2020-12-25 04:00:00+00:00,606.7077440220031,2021-01-21 16:00:00+00:00,1186.9948728886945,0.1135,545.3963696900092,545.3963696900092,,6.958840986681303,signal,0.2035852470193642,0.26478087363052294,65.65900387935012,9.43533614362169,165,696.2781218617556
2021-01-21 16:00:00+00:00,2021-01-21 20:00:00+00:00,1232.6203383980346,2021-01-22 00:00:00+00:00,1110.534416505689,0.0342,1010.2903921479553,1010.2903921479553,,7.603684161752709,signal,0.08013589261770734,0.1041705287182206,-4.255474421335933,-0.5596595454005565,1,761.9371257411058
2021-01-22 12:00:00+00:00,2021-01-22 16:00:00+00:00,1234.7430964468526,2021-02-22 04:00:00+00:00,1884.1773472607051,0.0319,997.8644276015973,997.8644276015973,,7.556429536163646,end,0.09949356215427109,0.12937839903810597,20.617459038807624,2.7284657310885194,182,757.6816513197699
2021-02-22 08:00:00+00:00,2021-02-22 12:00:00+00:00,1804.8432771481303,2021-02-23 04:00:00+00:00,1612.600629676806,0.0412,1616.3181849682173,1616.3181849682173,,7.767233797812413,stop,0.14079868896118736,0.24970629650911505,-8.06119576477974,-1.037846416706308,4,778.2991103585775
2021-02-24 00:00:00+00:00,2021-02-24 04:00:00+00:00,1638.8978172057705,2021-02-24 20:00:00+00:00,1597.1210229176338,0.023,1304.1614953695591,1304.1614953695591,,7.698935402232862,signal,0.0744284333228383,0.0967562686271449,-1.0352947019499794,-0.13447244948304424,4,770.2379145937978
2021-02-24 20:00:00+00:00,2021-02-25 00:00:00+00:00,1625.2701337574997,2021-02-25 04:00:00+00:00,1601.7849407719227,0.025,1318.7091171544241,1318.7091171544241,,7.66402541507689,signal,0.08067637686323557,0.10487982463941989,-0.667806201502664,-0.08713517575097501,1,769.2026198918477
2021-02-25 04:00:00+00:00,2021-02-25 08:00:00+00:00,1635.8138250973484,2021-02-25 20:00:00+00:00,1583.1791614767787,0.0266,1347.4133566997984,1347.4133566997984,,7.671452459374828,signal,0.08562521344287177,0.11131205230715158,-1.4857072657500225,-0.19366701072812198,3,768.534813690345
2021-03-07 04:00:00+00:00,2021-03-07 08:00:00+00:00,1686.7299717864046,2021-03-07 16:00:00+00:00,1649.842365292522,0.0444,1513.9797012554836,1513.9797012554836,,7.6701120115728925,signal,0.14814381176630434,0.19258972832839327,-1.7859535400946953,-0.23284582251210878,2,767.0491064245949
2021-03-07 20:00:00+00:00,2021-03-08 00:00:00+00:00,1728.7044516574533,2021-03-23 00:00:00+00:00,1678.9844396106453,0.0443,1556.2217710911882,1556.2217710911882,,7.6409827490855395,signal,0.15096061788317677,0.19624953367359826,-2.353557151556771,-0.30801759784609395,90,765.2631528845003
2021-03-24 08:00:00+00:00,2021-03-24 12:00:00+00:00,1717.0594083463186,2021-03-24 20:00:00+00:00,1633.2239637357507,0.0663,1602.0054349238787,1602.0054349238787,,7.628078437907768,signal,0.22212378756904122,0.2887659776806537,-5.7804137652496905,-0.7577811125438747,2,762.9095957329436
2021-03-26 20:00:00+00:00,2021-03-27 00:00:00+00:00,1701.0486231579825,2021-03-27 12:00:00+00:00,1678.9643605526255,0.0598,1574.6378754595682,1574.6378754595682,,7.559362712365172,signal,0.20212477642589438,0.26277690380036045,-1.5227636802262339,-0.20144074813811808,3,757.1291819676939
2021-03-27 12:00:00+00:00,2021-03-27 16:00:00+00:00,1684.7274504355935,2021-03-28 20:00:00+00:00,1672.8523177593747,0.0664,1570.9468500343437,1570.9468500343437,,7.555031866642979,signal,0.22294329660814594,0.2898448097009259,-1.0114521063090791,-0.13387794044587004,7,755.6064182874676
2021-03-28 20:00:00+00:00,2021-03-29 00:00:00+00:00,1689.3535732114112,2021-05-19 08:00:00+00:00,2981.1194659087632,0.0744,1587.9968362175475,1587.9968362175475,,7.540941232343453,signal,0.34748319411054096,0.45191358331700504,95.75989922257244,12.698666687900142,306,754.5949661811585
2021-07-04 04:00:00+00:00,2021-07-04 08:00:00+00:00,2337.5048717008954,2021-07-05 04:00:00+00:00,2261.506143662656,0.0415,2133.0561003116513,2133.0561003116513,,8.484624012653626,signal,0.1908589571375874,0.24811721358693084,-3.3448061707245103,-0.3942197280322854,5,850.354865403731
2021-07-06 04:00:00+00:00,2021-07-06 08:00:00+00:00,2339.8078657069327,2021-07-08 04:00:00+00:00,2250.430575066802,0.0399,2127.9880441601954,2127.9880441601954,,8.45161087971482,signal,0.183150513786872,0.23809489654122962,-3.7493044103280937,-0.44362009369444666,11,847.0100592330065
2021-07-23 00:00:00+00:00,2021-07-23 04:00:00+00:00,2062.5879670705003,2021-07-23 20:00:00+00:00,2017.9531726229386,0.0485,1888.9734898155666,1888.9734898155666,,8.420302146864291,signal,0.1979062452751318,0.2572825307067468,-2.3626937759818816,-0.2805948925314688,4,843.2607548226783
2021-07-23 20:00:00+00:00,2021-07-24 00:00:00+00:00,2127.021603691738,2021-08-24 12:00:00+00:00,3207.364748091822,0.0482,1952.8191178907769,1952.8191178907769,,8.396559815606329,end,0.2571174221559676,0.3343564399159423,51.81542213792807,6.171029954627483,187,840.8980610466964
2021-08-24 16:00:00+00:00,2021-08-24 20:00:00+00:00,3221.6327820409997,2021-09-07 12:00:00+00:00,2998.346477510939,0.0412,3005.2586160895166,3005.2586160895166,,8.914615637201104,stop,0.2562631454935399,0.4571107295265869,-9.45565889213205,-1.060691708644526,82,892.7134831846245
2021-09-07 12:00:00+00:00,2021-09-07 16:00:00+00:00,3458.380073950084,2021-09-08 08:00:00+00:00,3254.413713395977,0.0231,3076.1197070194394,3076.1197070194394,,8.830214476097893,signal,0.155065536487694,0.20157892879987244,-4.866688465287567,-0.551140459663917,4,883.2578242924925
2021-09-08 08:00:00+00:00,2021-09-08 12:00:00+00:00,3410.6881769354372,2021-09-10 16:00:00+00:00,3294.711265236692,0.0193,2956.024881789107,2956.024881789107,,8.775001596324174,signal,0.1294142092339221,0.16823639578578253,-2.3677686050197053,-0.269831130972279,13,878.391135827205
2021-09-12 08:00:00+00:00,2021-09-12 12:00:00+00:00,3442.5195623124173,2021-09-13 04:00:00+00:00,3253.46489369398,0.0275,3124.5155430523946,3124.5155430523946,,8.745110529650617,signal,0.18413957254017593,0.23937838700702174,-5.3831429595472,-0.6155603112499788,4,876.0233672221852
2021-09-14 12:00:00+00:00,2021-09-14 16:00:00+00:00,3392.9552090366665,2021-09-14 20:00:00+00:00,3345.7546696102236,0.0278,3080.500433381715,3080.500433381715,,8.686242763207652,signal,0.18733613462638354,0.24354299605511112,-1.4995111306814835,-0.17263058051209068,1,870.640224262638
2021-09-14 20:00:00+00:00,2021-09-15 00:00:00+00:00,3438.834835813404,2021-09-19 12:00:00+00:00,3321.865826185375,0.0285,3134.288167008879,3134.288167008879,,8.679580060928954,signal,0.1926799688669652,0.2504867743988239,-3.526296743265789,-0.40627504078675186,27,869.1407131319564
2021-10-02 12:00:00+00:00,2021-10-02 16:00:00+00:00,3390.9526197129007,2021-10-04 04:00:00+00:00,3330.9739499991215,0.0324,3124.145340602636,3124.145340602636,,8.644555843172574,signal,0.2177904208586695,0.2831328987264402,-2.1610993195851194,-0.2499954143152357,9,865.6144163886906
2021-10-04 04:00:00+00:00,2021-10-04 08:00:00+00:00,3382.6319552499062,2021-10-04 12:00:00+00:00,3309.0824065633124,0.0349,3135.86385343672,3135.86385343672,,8.6122067532802,signal,0.23354083122728136,0.3036142491621296,-2.800420080389401,-0.3251687007308298,1,863.4533170691055
2021-10-04 16:00:00+00:00,2021-10-04 20:00:00+00:00,3420.240635365346,2021-11-16 12:00:00+00:00,4286.859756174598,0.0315,3147.757362885911,3147.757362885911,,8.583223083102208,signal,0.24277366233350828,0.315657694508534,27.055728643157963,3.1521642139795456,256,860.6528969887162
2021-11-20 16:00:00+00:00,2021-11-20 20:00:00+00:00,4404.098000069037,2021-11-21 04:00:00+00:00,4337.64346686037,0.0273,4079.169448287909,4079.169448287909,,8.870549463624796,signal,0.23864954204717284,0.3102517565966125,-2.052858298643798,-0.23142402926243685,2,887.7086256318742
2021-11-21 12:00:00+00:00,2021-11-21 16:00:00+00:00,4372.086572217694,2021-11-21 20:00:00+00:00,4340.340037474168,0.0309,4085.470127755434,4085.470127755434,,8.856448133883838,signal,0.26921398223947857,0.34998992357496206,-1.2501819058144292,-0.14116064215758967,1,885.6557673332304
2021-11-25 08:00:00+00:00,2021-11-25 12:00:00+00:00,4393.073725678873,2021-11-26 08:00:00+00:00,4337.80337100537,0.0271,4067.219707878381,4067.219707878381,,8.830643882393346,signal,0.236606769320143,0.3075946116519507,-1.7344333809720922,-0.1964107492127758,5,884.405585427416
2021-11-29 20:00:00+00:00,2021-11-30 00:00:00+00:00,4450.318181430143,2021-12-03 20:00:00+00:00,4223.322483722263,0.0277,4132.717235651703,4132.717235651703,,8.797546198062802,signal,0.24025984642472167,0.31233682650826966,-6.528040672932988,-0.7420297121452396,23,882.6711520464439
2021-12-07 08:00:00+00:00,2021-12-07 12:00:00+00:00,4414.151062578709,2021-12-07 16:00:00+00:00,4380.887324011307,0.0208,3994.6880050012874,3994.6880050012874,,8.724831597610363,signal,0.18293679844107233,0.23782176220195395,-0.8748225606430253,-0.10026813135082513,1,876.143111373511
2021-12-08 12:00:00+00:00,2021-12-08 16:00:00+00:00,4408.94426742403,2021-12-08 20:00:00+00:00,4375.6740511411,0.0218,4007.6824773726453,4007.6824773726453,,8.747507023120187,signal,0.19150467934471987,0.24896071496786717,-0.9167953943125866,-0.1048064770784912,1,875.268288812868
2021-12-08 20:00:00+00:00,2021-12-09 00:00:00+00:00,4442.678206804877,2021-12-09 04:00:00+00:00,4353.183363488998,0.0234,4069.261255178938,4069.261255178938,,8.73795666804697,signal,0.2058231607448767,0.2675753335915764,-2.3000024943364394,-0.26321971848946185,1,874.3514934185554
2022-02-04 20:00:00+00:00,2022-02-05 00:00:00+00:00,2998.883646566721,2022-02-12 16:00:00+00:00,2876.3457308206507,0.0342,2744.125008688408,2744.125008688408,,8.7127454154383,signal,0.20093284470664813,0.2612167185156137,-4.391729563222242,-0.5040580613592177,46,872.051490924219
2022-02-12 16:00:00+00:00,2022-02-12 20:00:00+00:00,2956.338403724533,2022-02-13 20:00:00+00:00,2853.2458076235557,0.0343,2703.6049732886568,2703.6049732886568,,8.668756663950553,signal,0.19926873844923942,0.25905404626351447,-3.735344784712751,-0.43089740888060274,6,867.6597613609968
2022-02-14 12:00:00+00:00,2022-02-14 16:00:00+00:00,2940.3175528665233,2022-02-14 20:00:00+00:00,2875.886361129327,0.0398,2723.457128038659,2723.457128038659,,8.631044908149,signal,0.23148491577703484,0.30093543114042565,-2.7958463469174575,-0.3239290696167922,1,863.924416576284
2022-02-14 20:00:00+00:00,2022-02-15 00:00:00+00:00,2933.5589293613975,2022-02-18 16:00:00+00:00,2796.8193272376216,0.038,2707.5061650965554,2707.5061650965554,,8.590005042064004,signal,0.21775437375076273,0.28308488070348814,-5.413859254454252,-0.6302509984503352,22,861.1285702293666
2022-02-26 00:00:00+00:00,2022-02-26 04:00:00+00:00,2797.2217199725656,2022-02-26 12:00:00+00:00,2747.90300693587,0.0204,2379.645876218068,2379.645876218068,,8.518547212591745,signal,0.1131205444289321,0.1470577459485856,-1.1192222903775146,-0.13138652195566036,2,855.7147109749124
2022-02-26 16:00:00+00:00,2022-02-26 20:00:00+00:00,2812.6718398342073,2022-02-27 00:00:00+00:00,2775.8565826168247,0.0221,2427.6647242190415,2427.6647242190415,,8.508657255095162,signal,0.12350647813616783,0.16056218450415197,-0.9371236626403174,-0.11013766738331693,1,854.5954886845349
2022-02-27 08:00:00+00:00,2022-02-27 12:00:00+00:00,2824.6373533586425,2022-02-27 20:00:00+00:00,2604.83925727402,0.0225,2445.773936316661,2445.773936316661,,8.52442688344458,signal,0.12216322373923491,0.15880716190401245,-5.067620385643245,-0.5944822396782062,2,853.6583650218946
2022-02-28 12:00:00+00:00,2022-02-28 16:00:00+00:00,2819.1000986872277,2022-03-03 16:00:00+00:00,2824.313562984896,0.0197,2390.4391961032775,2390.4391961032775,,8.444619780903817,signal,0.11117524913494084,0.1445297533359261,-0.008470002470879479,-0.0010030057824548903,18,848.5907446362513
2022-03-16 16:00:00+00:00,2022-03-16 20:00:00+00:00,2756.7391521253303,2022-04-11 12:00:00+00:00,3047.602911369602,0.0321,2493.1974515284205,2493.1974515284205,,8.459688589160804,signal,0.1863193802381873,0.2422343282588809,9.150407291502944,1.0816482421382676,154,848.5822746337805
2022-04-13 12:00:00+00:00,2022-04-13 16:00:00+00:00,3097.4515343242883,2022-04-14 12:00:00+00:00,3068.785226155799,0.0336,2842.6534655949426,2842.6534655949426,,8.561215109306008,signal,0.20718555515213094,0.26934795446124915,-1.1703735096133698,-0.13670647153126408,5,857.7326819252835
2022-07-14 16:00:00+00:00,2022-07-14 20:00:00+00:00,1195.6022789277881,2022-08-20 00:00:00+00:00,1606.9082668208698,0.0562,1043.230935195828,1043.230935195828,,8.563269517736167,signal,0.1575010926710746,0.20479348040881146,22.957895426920103,2.6809731235680387,217,856.5623084156701
2022-08-25 04:00:00+00:00,2022-08-25 08:00:00+00:00,1711.1416623785672,2022-08-25 16:00:00+00:00,1698.9883791455443,0.0516,1540.771019241766,1540.771019241766,,8.791125185858936,signal,0.17596271014264417,0.228757414823979,-0.8030721249666328,-0.0913503229664416,2,879.5202038425903
2022-09-09 04:00:00+00:00,2022-09-09 08:00:00+00:00,1707.146444112604,2022-09-13 16:00:00+00:00,1592.3672130078376,0.049,1528.0289982328077,1528.0289982328077,,8.776754848110018,signal,0.16167616919890165,0.21017232413355783,-5.785858493332455,-0.6592252596161301,26,878.7171317176236
2022-10-23 16:00:00+00:00,2022-10-23 20:00:00+00:00,1332.580342735397,2022-11-08 16:00:00+00:00,1270.5764890618195,0.1477,1273.505601704522,1273.505601704522,,8.725339250260223,stop,0.38448626405644887,0.6882015593452868,-9.542455451643832,-1.093648645393271,95,872.9312732242912
2022-12-05 04:00:00+00:00,2022-12-05 08:00:00+00:00,1298.7764756839229,2022-12-05 16:00:00+00:00,1264.943261111307,0.1172,1225.1135498882697,1225.1135498882697,,8.633294903250546,signal,0.30046795315240094,0.3906527479105736,-4.265720701062975,-0.4941011223254839,2,863.3888177726474
2022-12-08 16:00:00+00:00,2022-12-08 20:00:00+00:00,1285.5691888794988,2022-12-16 08:00:00+00:00,1202.9304219630606,0.1075,1205.7039259776643,1205.7039259776643,,8.58551576194721,stop,0.2675137081655752,0.4775894861160179,-9.151181151682664,-1.06588601144297,45,859.1230970715844
2023-01-04 00:00:00+00:00,2023-01-04 04:00:00+00:00,1252.3561246057102,2023-02-10 00:00:00+00:00,1543.3408775123123,0.1938,1208.5119552442795,1208.5119552442795,,8.497000022245253,signal,0.5418060790104728,0.704510886700487,55.851039034289045,6.573030350484915,221,849.9719159199017
2023-02-15 16:00:00+00:00,2023-02-15 20:00:00+00:00,1630.6572158826712,2023-02-22 16:00:00+00:00,1611.6220585498515,0.0813,1519.3002814370782,1519.3002814370782,,9.053318770426703,signal,0.26359730501136414,0.3426922911582393,-1.8111555961695842,-0.20005432726900663,41,905.8229549541907
2023-02-22 20:00:00+00:00,2023-02-23 00:00:00+00:00,1645.2863177460642,2023-02-23 08:00:00+00:00,1635.3510312333249,0.0753,1525.384185201714,1525.384185201714,,9.028630580589581,end,0.24703199237814805,0.3211760744092689,-0.995159066787437,-0.11022259221978842,2,904.0117993580211
2023-02-23 12:00:00+00:00,2023-02-23 16:00:00+00:00,1658.1429060529156,2023-02-24 16:00:00+00:00,1600.8560663698718,0.0962,1564.3018867979335,1564.3018867979335,,9.02750605232928,signal,0.31351570114707217,0.40758397750881875,-5.8245096786559145,-0.6451958763464991,6,903.0166402912337
2023-02-26 16:00:00+00:00,2023-02-26 20:00:00+00:00,1635.243355652454,2023-02-27 20:00:00+00:00,1620.011051133796,0.124,1562.8989929630632,1562.8989929630632,,8.970700973484481,signal,0.40365154644149503,0.5248057603136058,-2.2924573067550966,-0.255549406175852,6,897.1921306125778
2023-02-27 20:00:00+00:00,2023-02-28 00:00:00+00:00,1635.5738341441663,2023-02-28 08:00:00+00:00,1617.1245093836992,0.1257,1564.4013760336816,1564.4013760336816,,8.94637798448793,signal,0.4088641817814528,0.5316261223907119,-2.727944304172155,-0.3049216463804817,2,894.8996733058227
2023-02-28 08:00:00+00:00,2023-02-28 12:00:00+00:00,1631.6388603751304,2023-03-01 00:00:00+00:00,1603.1529878468473,0.1371,1566.5795489798188,1566.5795489798188,,8.919631592297218,signal,0.4434899623912332,0.5766251236276241,-4.348903086018851,-0.48756532610320585,3,892.1717290016505
2023-03-01 00:00:00+00:00,2023-03-01 04:00:00+00:00,1640.520112729812,2023-03-03 00:00:00+00:00,1563.8179563494964,0.1214,1567.4233259024095,1567.4233259024095,,8.873949920846663,stop,0.389006641586228,0.6962875491228013,-9.700648426156505,-1.0931601499539414,11,887.8228259156316
2023-03-13 04:00:00+00:00,2023-03-13 08:00:00+00:00,1608.928990629991,2023-03-13 12:00:00+00:00,1579.014537657925,0.0797,1498.7993340972985,1498.7993340972985,,8.777333625655581,signal,0.2540790992045469,0.3303129018736516,-2.638261001078206,-0.3005765889275006,1,878.122177489475
2023-03-13 12:00:00+00:00,2023-03-13 16:00:00+00:00,1666.8541237198187,2023-04-21 16:00:00+00:00,1901.4348089563766,0.0676,1537.3557464033647,1537.3557464033647,,8.7540903065923,signal,0.24121633184891084,0.3136176780086889,15.616437990142416,1.7839018610971376,233,875.4839164883967
2023-04-26 12:00:00+00:00,2023-04-26 16:00:00+00:00,1956.4601916506426,2023-04-26 20:00:00+00:00,1826.3625594562595,0.0899,1857.4129642236667,1857.4129642236667,,8.90434574568513,signal,0.3400757653245105,0.44209513427503455,-12.035852899599547,-1.3516830144911975,1,891.1003544785392
2023-05-05 12:00:00+00:00,2023-05-05 16:00:00+00:00,1955.8794552153581,2023-05-06 12:00:00+00:00,1931.8051817870817,0.1081,1874.627809021484,1874.627809021484,,8.783302953557797,signal,0.4202587092599638,0.5463669575966869,-3.0226876668566547,-0.34414020361580194,5,879.0645015789396
2023-05-23 00:00:00+00:00,2023-05-23 04:00:00+00:00,1868.4360093098296,2023-05-24 00:00:00+00:00,1814.3280396952498,0.1754,1818.5118591904115,1818.5118591904115,,8.75669593094595,stop,0.645956814195491,1.1593639723954856,-10.136494684592776,-1.1575707052668862,5,876.041813912083
2023-05-28 00:00:00+00:00,2023-05-28 04:00:00+00:00,1853.1163457879566,2023-06-05 16:00:00+00:00,1818.3228552191015,0.1704,1802.3198377944411,1802.3198377944411,,8.655724962095038,signal,0.6256132398516028,0.8134027929329082,-6.554424032784482,-0.7572357094856264,51,865.9053192274903
2023-06-06 12:00:00+00:00,2023-06-06 16:00:00+00:00,1844.6150609689612,2023-06-07 16:00:00+00:00,1836.6090544186266,0.1366,1781.74173747573,1781.74173747573,,8.588495989175383,signal,0.5028552141619445,0.653768494775707,-1.5964757089376462,-0.18588536467267192,6,859.3508951947058
2023-06-07 16:00:00+00:00,2023-06-07 20:00:00+00:00,1852.775768039703,2023-06-08 00:00:00+00:00,1829.7378949892993,0.1192,1780.834797599317,1780.834797599317,,8.575363676494016,signal,0.43895562863305715,0.5707144676081248,-3.1850700962411906,-0.3714209934876356,1,857.7544194857682
2023-06-08 08:00:00+00:00,2023-06-08 12:00:00+00:00,1846.1878807102876,2023-06-09 04:00:00+00:00,1835.8297722599561,0.1295,1780.2471998286792,1780.2471998286792,,8.53931817416828,signal,0.4768212860596466,0.6200600443179283,-1.8181963303775888,-0.2129205509495703,4,854.5693493895269
2023-06-21 00:00:00+00:00,2023-06-21 04:00:00+00:00,1813.7450364971369,2023-07-13 04:00:00+00:00,1864.9713032491163,0.1198,1742.620274319665,1742.620274319665,,8.52074650886114,signal,0.44071021750160116,0.5730912431128623,5.696196539385511,0.6685090952373431,132,852.7511530591494
2023-07-13 08:00:00+00:00,2023-07-13 12:00:00+00:00,1886.1700903228261,2023-07-17 20:00:00+00:00,1883.937292187677,0.1801,1838.5102752499058,1838.5102752499058,,8.583532694632956,signal,0.6789963395901417,0.8829939441403654,-1.0811232837304487,-0.1259531852667661,26,858.4473495985349
2023-07-17 20:00:00+00:00,2023-07-18 00:00:00+00:00,1913.6951969824413,2023-07-18 08:00:00+00:00,1896.520696976004,0.1233,1844.1672362976008,1844.1672362976008,,8.572797552440832,signal,0.4697996197250764,0.6108898507937104,-2.587415470518806,-0.30181693370119556,2,857.3662263148044
2023-07-19 00:00:00+00:00,2023-07-19 04:00:00+00:00,1914.966962302647,2023-07-20 00:00:00+00:00,1886.184268814844,0.1339,1851.1380717917307,1851.1380717917307,,8.546688439411716,signal,0.508974149846632,0.6618266580168386,-4.362976807863475,-0.5104874055949309,5,854.7788108442855
2023-07-20 04:00:00+00:00,2023-07-20 08:00:00+00:00,1914.9969167143818,2023-07-20 16:00:00+00:00,1886.1445153899565,0.1385,1853.6100857991,1853.6100857991,,8.502076081766528,signal,0.5264580883464509,0.684522583432889,-4.522515671779331,-0.5319307458890277,2,850.4158340364221
2023-08-13 16:00:00+00:00,2023-08-13 20:00:00+00:00,1861.0188406316245,2023-08-14 00:00:00+00:00,1838.3358496298185,0.3733,1838.363394171905,1838.363394171905,,8.457278163413296,signal,1.3809691058745968,1.7966895409741948,-9.84852964684876,-1.1645034556690004,1,845.8933183646427
2023-09-15 20:00:00+00:00,2023-09-16 00:00:00+00:00,1643.4342874049487,2023-09-16 08:00:00+00:00,1634.6702800193893,0.2244,1606.1864981890747,1606.1864981890747,,8.35840390004214,signal,0.7356066649300214,0.9568432573195187,-2.702249922249564,-0.32329736090355005,2,836.044788717794
2023-09-18 08:00:00+00:00,2023-09-18 12:00:00+00:00,1658.033355764492,2023-09-19 00:00:00+00:00,1634.5292419909028,0.2736,1627.5835546247376,1627.5835546247376,,8.331065591836762,signal,0.9008451267458761,1.1721335284539696,-7.331570655199869,-0.8800279597346763,3,833.3425387955444
2023-09-19 08:00:00+00:00,2023-09-19 12:00:00+00:00,1649.94310989142,2023-09-20 08:00:00+00:00,1632.4040070214267,0.2673,1619.043484088505,1619.043484088505,,8.259469977119132,signal,0.877371384350804,1.1411311971492024,-5.565573581499962,-0.6738414930883023,5,826.0109681403446
2023-09-27 08:00:00+00:00,2023-09-27 12:00:00+00:00,1631.7490252684688,2023-09-27 16:00:00+00:00,1599.5573187391747,0.2887,1603.333147226015,1603.333147226015,,8.203663990856422,signal,0.9328781415150067,1.2130326750072191,-10.226623816522192,-1.246592233411864,1,820.4453945588447
2023-09-28 04:00:00+00:00,2023-09-28 08:00:00+00:00,1621.4565756839304,2023-10-05 16:00:00+00:00,1616.1957727919034,0.2565,1589.8733834016655,1589.8733834016655,,8.101088820400934,signal,0.8304578273840515,1.0800709418049266,-2.1798537691889806,-0.26908157872549987,44,810.2187707423225
2023-10-06 04:00:00+00:00,2023-10-06 08:00:00+00:00,1633.001884554417,2023-10-08 08:00:00+00:00,1626.7610088865697,0.224,1596.941961054863,1596.941961054863,,8.077422863900122,signal,0.7301868881307811,0.9499561495978124,-2.1281430377285915,-0.2634680731201726,12,808.0389169731335
2023-10-08 12:00:00+00:00,2023-10-08 16:00:00+00:00,1633.321799506759,2023-10-09 08:00:00+00:00,1618.6209297512785,0.2726,1603.7670510848518,1603.7670510848518,,8.056624419811854,signal,0.886479587995741,1.1533350953439565,-4.893936683339689,-0.6074425749951959,4,805.9107739354049
2023-10-20 08:00:00+00:00,2023-10-20 12:00:00+00:00,1615.247415164406,2023-10-20 16:00:00+00:00,1603.3623958850126,0.218,1578.5062062417592,1578.5062062417592,,8.009583545137005,signal,0.7016569388087732,0.9123342029077552,-3.292591141716514,-0.41108144052203577,1,801.0168372520652
2023-10-21 12:00:00+00:00,2023-10-21 16:00:00+00:00,1630.8182418528488,2023-12-18 04:00:00+00:00,2171.9719001022004,0.2397,1597.5385883344225,1597.5385883344225,,7.9771329483668065,signal,0.9115287970266253,1.1856381176304627,128.80300308534294,16.146528322774582,345,797.7242461103488
2023-12-18 20:00:00+00:00,2023-12-19 00:00:00+00:00,2222.3257454838963,2023-12-19 16:00:00+00:00,2143.9535876250093,0.1261,2148.8963581689354,2148.8963581689354,,9.25944574041655,stop,0.550587823905033,0.9871758711084031,-10.433316929910688,-1.1267755352105264,4,926.5272491956916
2023-12-20 04:00:00+00:00,2023-12-20 08:00:00+00:00,2219.642325587389,2023-12-26 08:00:00+00:00,2238.495864808928,0.1243,2145.9969528681586,2145.9969528681586,,9.154119829000352,signal,0.5541465770662622,0.7205000747626578,1.7893483481710746,0.19546918563403543,36,916.093932265781
2023-12-27 08:00:00+00:00,2023-12-27 12:00:00+00:00,2288.892056400196,2024-01-03 12:00:00+00:00,2219.531491362044,0.1428,2224.64845934208,2224.64845934208,,9.173985659898948,stop,0.643802882620448,1.155112681497112,-10.548491570068563,-1.1498264724979694,42,917.8832806139519
2024-01-04 12:00:00+00:00,2024-01-04 16:00:00+00:00,2279.840141295086,2024-01-05 00:00:00+00:00,2264.162355992455,0.0971,2186.47027566039,2186.47027566039,,9.066213953129,signal,0.4412226424866203,0.5736459528854755,-1.9635355953720648,-0.21657724001697476,2,907.3347890438833
2024-01-05 20:00:00+00:00,2024-01-06 00:00:00+00:00,2271.7298317944583,2024-01-06 04:00:00+00:00,2250.070299104928,0.1048,2185.3809229768667,2185.3809229768667,,9.049365644083617,signal,0.4738846537182557,0.6161750258627599,-2.7438036795810206,-0.30320397998006543,1,905.3712534485112
2024-01-08 12:00:00+00:00,2024-01-08 16:00:00+00:00,2272.5407207151507,2024-01-09 16:00:00+00:00,2254.245411031364,0.126,2200.950864867559,2200.950864867559,,9.020321836796539,signal,0.5703750526000608,0.7415490201571047,-2.875584072757192,-0.31878952046110387,6,902.6274497689301
2024-01-09 16:00:00+00:00,2024-01-09 20:00:00+00:00,2273.862651338197,2024-01-22 12:00:00+00:00,2378.24402306622,0.1114,2193.143592480423,2193.143592480423,,8.992103156755975,signal,0.518244683528652,0.6738171894982514,11.109840126973126,1.2355107513002723,76,899.7518656961729
2024-02-06 16:00:00+00:00,2024-02-06 20:00:00+00:00,2382.223391913002,2024-02-07 04:00:00+00:00,2361.674894284437,0.1635,2326.5353647438333,2326.5353647438333,,9.104992442159132,signal,0.7756273697932814,1.0085493622703927,-4.135306732063725,-0.4541801389000484,2,910.8617058231459
2024-02-07 12:00:00+00:00,2024-02-07 16:00:00+00:00,2372.7412543307523,2024-02-23 12:00:00+00:00,2912.2783623928035,0.1749,2320.915643179665,2320.915643179665,,9.064299390325138,end,0.92434993096495,1.2020687999473036,93.44069026908784,10.30865003960732,95,906.7263990910823
2024-02-23 16:00:00+00:00,2024-02-23 20:00:00+00:00,2949.83015949828,2024-03-17 08:00:00+00:00,3468.2051939077824,0.089,2837.4537622495027,2837.4537622495027,,10.001499355141195,signal,0.5712051464531396,0.7427019375542682,45.56417291599257,4.5557342252460025,135,1000.1670893601702
2024-03-17 08:00:00+00:00,2024-03-17 12:00:00+00:00,3583.642844700761,2024-03-18 16:00:00+00:00,3520.587156887126,0.0469,3361.109983590305,3361.109983590305,,10.436791186080375,signal,0.33318838707447196,0.43315375845949067,-3.29050014553394,-0.3152789096635855,7,1045.7312622761629
2024-03-25 16:00:00+00:00,2024-03-25 20:00:00+00:00,3643.6907705359163,2024-03-26 00:00:00+00:00,3585.762081299459,0.0619,3475.496640015221,3475.496640015221,,10.41121667923102,signal,0.44750313152860977,0.5817788637366823,-4.033288995265281,-0.38739842993673845,1,1042.440762130629
2024-04-08 08:00:00+00:00,2024-04-08 12:00:00+00:00,3637.7931616063674,2024-04-09 12:00:00+00:00,3502.263096867941,0.0814,3510.33720343843,3510.33720343843,,10.374914994870114,stop,0.5812005794398087,1.0416976295961196,-11.613347849147772,-1.1193680001127722,6,1038.407473135364
2024-04-09 12:00:00+00:00,2024-04-09 16:00:00+00:00,3534.5191038522767,2024-04-12 16:00:00+00:00,3436.226827567182,0.0717,3391.5051826860463,3391.5051826860463,,10.254098147618722,signal,0.49980248328277527,0.6497652096412694,-7.5473586929240355,-0.7360333970156835,18,1026.794125286216
2024-04-27 20:00:00+00:00,2024-04-28 00:00:00+00:00,3259.783095850708,2024-04-29 04:00:00+00:00,3173.468843356251,0.0944,3151.884631180031,3151.884631180031,,10.185615064911895,signal,0.6072989830611369,0.7895854354767078,-8.755364418537908,-0.8595813176465885,7,1019.246766593292
2024-05-05 12:00:00+00:00,2024-05-05 16:00:00+00:00,3164.2890151940846,2024-05-05 20:00:00+00:00,3138.3637110973295,0.0906,3052.8317133597034,3052.8317133597034,,10.098031546194948,signal,0.5710203370020022,0.7424945511660104,-2.919852888168066,-0.2891506997983483,1,1010.4914021747541
2024-05-06 04:00:00+00:00,2024-05-06 08:00:00+00:00,3184.6753698595717,2024-05-06 12:00:00+00:00,3073.0593967086575,0.0963,3080.144020481923,3080.144020481923,,10.0663689450676,stop,0.6026198580205204,1.0804853868422062,-11.351238072453611,-1.1276397809773884,1,1007.571549286586
2024-05-17 12:00:00+00:00,2024-05-17 16:00:00+00:00,3115.5852986052214,2024-06-10 08:00:00+00:00,3643.056588011801,0.1028,3018.6831921624257,3018.6831921624257,,9.961536542319395,signal,0.6947883859442301,0.9034794490036322,53.529260165052165,5.373594719815049,142,996.2203112141324
2024-06-10 08:00:00+00:00,2024-06-10 12:00:00+00:00,3680.7309281434937,2024-06-10 20:00:00+00:00,3663.559203851599,0.1459,3608.8004339877734,3608.8004339877734,,10.494659097319587,signal,1.0715319302580841,1.3935965741874763,-3.5768865044456106,-0.3408292228719629,2,1049.7495713791845
2024-07-15 00:00:00+00:00,2024-07-15 04:00:00+00:00,3333.698753005158,2024-07-25 00:00:00+00:00,3227.3705549043543,0.1057,3234.8111304249214,3234.8111304249214,,10.452421706731014,stop,0.6935050258460355,1.2440180251691417,-11.93239556510099,-1.1415914799358813,59,1046.172684874739
2024-07-26 16:00:00+00:00,2024-07-26 20:00:00+00:00,3278.4575255599175,2024-07-27 04:00:00+00:00,3240.7803769579436,0.0812,3151.0936206979045,3151.0936206979045,,10.341949074795448,signal,0.5293621176844503,0.6883444664802906,-3.58874658416471,-0.34700872709873515,2,1034.2402893096378
2024-07-27 04:00:00+00:00,2024-07-27 08:00:00+00:00,3276.5657560976492,2024-07-28 00:00:00+00:00,3244.775895283238,0.0891,3160.95375209552,3160.95375209552,,10.301029556589713,signal,0.581051541138037,0.7555555985640643,-3.413528139702123,-0.3313773755282977,4,1030.651542725473
2024-07-28 08:00:00+00:00,2024-07-28 12:00:00+00:00,3260.695015631432,2024-07-31 20:00:00+00:00,3261.9433773785954,0.0916,3148.5947896932857,3148.5947896932857,,10.268380695934187,signal,0.5974736767997186,0.7769180639598277,-0.4831237407594813,-0.04704965223492116,20,1027.238014585771
2024-08-23 16:00:00+00:00,2024-08-23 20:00:00+00:00,2750.1208055598713,2024-08-24 00:00:00+00:00,2743.0289981628757,0.1097,2656.565269403591,2656.565269403591,,10.263042316343935,end,0.6025985334683854,0.7834562714503865,-1.3805698049188209,-0.1345185727939812,1,1026.7548908450117
2022-08-13 08:00:00+00:00,2022-08-13 12:00:00+00:00,46.780748159239614,2022-08-15 04:00:00+00:00,43.95848924137404,1.837,44.05983579180807,44.05983579180807,,4.998316018971746,stop,0.16668797910492728,0.29776798167048735,-5.351177611223989,-1.0705960949473605,10,500.0
2022-08-15 04:00:00+00:00,2022-08-15 08:00:00+00:00,43.876973224055334,2022-08-17 12:00:00+00:00,40.71800436424414,1.613,40.81188601717925,40.81188601717925,,4.943985664691132,stop,0.13645169884992706,0.2433289165855856,-5.231868469725384,-1.0582288915379041,13,494.648822388776
2022-09-12 08:00:00+00:00,2022-09-12 12:00:00+00:00,37.74901442040094,2022-09-13 12:00:00+00:00,35.59094706340926,2.357,35.673010618488284,35.673010618488284,,4.893140961108128,stop,0.17286228921734065,0.3089507882062684,-5.259427049646732,-1.0748570481516748,6,489.4169539190506
2022-09-23 20:00:00+00:00,2022-09-24 00:00:00+00:00,33.713779335572745,2022-09-25 20:00:00+00:00,32.687430480921904,2.319,31.626220562382137,31.626220562382137,,4.841048795029016,signal,0.1539844055644511,0.20024299393528966,-2.5340873994997537,-0.5234583468982706,11,484.1575268694039
2022-09-26 12:00:00+00:00,2022-09-26 16:00:00+00:00,33.153057200244476,2022-09-27 20:00:00+00:00,32.557613867561834,2.64,31.329241469727855,31.329241469727855,,4.814873528563885,signal,0.17347617161900866,0.22557039828217967,-1.7454465699011763,-0.36251140544947696,7,481.62343946990416
2022-09-28 12:00:00+00:00,2022-09-28 16:00:00+00:00,33.1730823606768,2022-10-01 20:00:00+00:00,32.60753284303401,2.46,31.222587440457154,31.222587440457154,,4.798217503740333,signal,0.16182031340112862,0.2104518134012619,-1.5530721268024053,-0.32367689159396085,19,479.87799290000294
2022-10-04 00:00:00+00:00,2022-10-04 04:00:00+00:00,33.153125271245656,2022-10-07 16:00:00+00:00,32.85721618037497,3.761,31.881405160729255,31.881405160729255,,4.782939335652192,signal,0.2482648941995452,0.3231040907646504,-1.3611789849642122,-0.2845904765753431,21,478.3249207732006
2022-10-27 04:00:00+00:00,2022-10-27 08:00:00+00:00,31.681143712299562,2022-10-27 12:00:00+00:00,31.31920684319736,3.024,30.104125855367524,30.104125855367524,,4.7689019993624875,signal,0.19051306007982272,0.2477770921650548,-1.2850101522448938,-0.26945618769617735,1,476.96374178823635
2022-10-28 16:00:00+00:00,2022-10-28 20:00:00+00:00,32.05162395560821,2022-11-02 12:00:00+00:00,31.259279882339694,2.962,30.44617523089147,30.44617523089147,,4.755339122610971,signal,0.1875268971680017,0.24390314502134341,-2.5344500421893343,-0.5329693586180593,28,475.6787316359914
2022-11-03 00:00:00+00:00,2022-11-03 04:00:00+00:00,31.69116390754167,2022-11-03 12:00:00+00:00,31.219338642071186,2.802,30.002671383016605,30.002671383016605,,4.731156053719242,signal,0.17627522814401525,0.22927439384830883,-1.498329621992312,-0.31669418742052474,2,473.1442815938021
2022-11-03 16:00:00+00:00,2022-11-03 20:00:00+00:00,31.350747609955267,2022-11-04 00:00:00+00:00,30.819844085930033,2.985,29.77118089314559,29.77118089314559,,4.715006649676883,signal,0.18557921621221762,0.24149701921532624,-1.7703262354275466,-0.37546632846188377,1,471.6459519718097
2022-11-04 00:00:00+00:00,2022-11-04 04:00:00+00:00,31.981549016792222,2022-11-07 08:00:00+00:00,30.73997985856018,2.843,30.32926955178796,30.32926955178796,,4.697430519007115,signal,0.1783173065926269,0.23190111685369708,-3.70809842344633,-0.7893886686439169,19,469.8756257363822
2022-11-07 08:00:00+00:00,2022-11-07 12:00:00+00:00,31.651097133651472,2022-11-07 20:00:00+00:00,29.011674475786716,1.812,29.078559172871575,29.078559172871575,,4.661438784933175,stop,0.109920942156302,0.19566307729423327,-4.892554798207243,-1.049580402947924,2,466.1675273129359
2022-12-13 16:00:00+00:00,2022-12-13 20:00:00+00:00,13.807953343320804,2022-12-16 12:00:00+00:00,13.48243821688984,7.801,13.216667744276847,13.216667744276847,,4.612618958141912,signal,0.21289234456120326,0.27705350128796136,-2.752235845849171,-0.5966753098022747,16,461.27497251472863
2023-01-03 12:00:00+00:00,2023-01-03 16:00:00+00:00,13.107018295385146,2023-02-09 20:00:00+00:00,21.7716532576801,4.357,12.05487515919253,12.05487515919253,,4.584187644391227,signal,0.1519663719567053,0.19765546928088767,37.599848158762406,8.202074407832319,223,458.5227366688795
2023-02-15 20:00:00+00:00,2023-02-16 00:00:00+00:00,23.891022849892998,2023-02-16 20:00:00+00:00,22.491574669130692,3.681,22.54343018546375,22.54343018546375,,4.960488597764059,stop,0.1707343414675262,0.30507526607812085,-5.32210309485356,-1.0728989675034226,5,496.1225848276419
2023-02-17 16:00:00+00:00,2023-02-17 20:00:00+00:00,23.490507744183887,2023-02-18 00:00:00+00:00,23.109909953425085,3.659,22.14944518399846,22.14944518399846,,4.9069479077184734,signal,0.1705109283555512,0.22172731638645654,-1.5631182447420144,-0.3185520356316151,1,490.80048173278834
2023-02-18 00:00:00+00:00,2023-02-18 04:00:00+00:00,23.380375914223794,2023-02-18 08:00:00+00:00,23.189780393183554,3.649,22.039867890390443,22.039867890390443,,4.891513778967901,signal,0.1699345003657294,0.22111305627582772,-0.8654175566415603,-0.17692223629474507,1,489.2373634880463
2023-02-18 12:00:00+00:00,2023-02-18 16:00:00+00:00,23.440454124153607,2023-02-22 12:00:00+00:00,23.52936516927959,3.93,22.197919091951757,22.197919091951757,,4.883162676553269,signal,0.18459138982319248,0.24007959265488332,0.16482901752192447,0.033754562040981886,23,488.37194593140475
2023-02-22 12:00:00+00:00,2023-02-22 16:00:00+00:00,23.69076328195065,2023-02-24 16:00:00+00:00,23.01004266814338,2.852,21.97805580563857,21.97805580563857,,4.8846417224420655,signal,0.13319069856966817,0.17317519057833342,-2.0746058891480033,-0.4247201754053742,12,488.5367749489267
2023-03-14 12:00:00+00:00,2023-03-14 16:00:00+00:00,21.938484543881614,2023-03-14 20:00:00+00:00,20.88281463607872,2.755,20.173232221619486,20.173232221619486,,4.863270147832165,signal,0.11797267924079072,0.1533705959969734,-3.026343275237764,-0.6222856603157808,1,486.46216905977866
2023-03-18 00:00:00+00:00,2023-03-18 04:00:00+00:00,22.669434604191544,2023-03-19 00:00:00+00:00,21.17243208116626,2.74,20.905379508620378,20.905379508620378,,4.8335109618649925,signal,0.12012671471788039,0.15618691308927382,-4.2219136278071545,-0.8734672707100151,5,483.4358257845409
2023-03-19 00:00:00+00:00,2023-03-19 04:00:00+00:00,21.848378461205375,2023-03-19 08:00:00+00:00,21.521972373945058,2.671,20.05453950860607,20.05453950860607,,4.791343842392744,signal,0.11584220708068681,0.15066065907230708,-0.987672866152991,-0.20613692079751847,1,479.2139121567337
2023-03-19 08:00:00+00:00,2023-03-19 12:00:00+00:00,21.718207867953733,2023-03-22 20:00:00+00:00,21.072568536313586,2.796,20.008009995559433,20.008009995559433,,4.781713251214461,signal,0.11964301082633143,0.15556757126585258,-1.9248505820921906,-0.4025441261253624,20,478.22623929058074
2023-03-23 04:00:00+00:00,2023-03-23 08:00:00+00:00,21.728223029171815,2023-03-24 20:00:00+00:00,20.733009336966205,2.79,20.021557651071266,20.021557651071266,,4.761596404900534,signal,0.11846683830152507,0.1540462012536578,-2.895113039555177,-0.6080131101778362,8,476.30138870848856
2023-03-29 04:00:00+00:00,2023-03-29 08:00:00+00:00,21.22757290643376,2023-03-30 12:00:00+00:00,20.653099994243775,4.316,20.130798419582888,20.130798419582888,,4.733678685248371,signal,0.18075698423932424,0.23510508901198082,-2.660182073251306,-0.5619692949462896,7,473.4062756689334
2023-03-31 12:00:00+00:00,2023-03-31 16:00:00+00:00,20.897141862532745,2023-04-02 16:00:00+00:00,20.563216944144088,4.765,19.9092196833747,19.9092196833747,,4.707449183688087,signal,0.19755860971381511,0.2569522361219463,-1.788710845835766,-0.3799745416336893,12,470.7460935956821
2023-04-03 16:00:00+00:00,2023-04-03 20:00:00+00:00,20.937193363597235,2023-04-04 00:00:00+00:00,20.42340447802434,5.304,20.05317646181885,20.05317646181885,,4.68882564703256,signal,0.21937661095196087,0.2852962490786207,-2.9445128600305708,-0.6279851463221028,1,468.9573827498463
2023-04-04 08:00:00+00:00,2023-04-04 12:00:00+00:00,20.997279545559778,2023-04-07 08:00:00+00:00,20.2536010960776,5.072,20.07864130285641,20.07864130285641,,4.659333166991469,signal,0.20922446661438476,0.27225709577362167,-3.981161562387996,-0.8544487847729145,17,466.01286988981576
2023-04-07 12:00:00+00:00,2023-04-07 16:00:00+00:00,20.56675487468693,2023-04-07 20:00:00+00:00,20.46323687592177,6.422,19.84732284711545,19.84732284711545,,4.620192481064038,signal,0.26349460702240907,0.34369258806985004,-0.9282871950922527,-0.20091959347946184,1,462.0317083274278
2023-04-08 04:00:00+00:00,2023-04-08 08:00:00+00:00,20.626845586141446,2023-04-08 16:00:00+00:00,20.423332732637213,7.12,19.979275871973677,19.979275871973677,,4.610696364874512,signal,0.292277269629704,0.3810115169501205,-1.7412887865798155,-0.37766286234882174,2,461.1034211323355
2023-04-10 16:00:00+00:00,2023-04-10 20:00:00+00:00,20.71692554213369,2023-04-20 20:00:00+00:00,21.751676777705768,7.639,20.11565815353607,20.11565815353607,,4.593081581497229,signal,0.32441765312125365,0.4220453114648999,7.580047035413827,1.6503183975545506,60,459.36213234575564
2023-04-20 20:00:00+00:00,2023-04-21 00:00:00+00:00,22.21886263417243,2023-04-21 16:00:00+00:00,21.841557835440476,3.069,20.697511275341498,20.697511275341498,,4.669027320252139,signal,0.13522143042124202,0.17586842730837138,-1.293169857729609,-0.27696772133253966,4,466.94217938116947
2023-04-23 04:00:00+00:00,2023-04-23 08:00:00+00:00,22.098716564918572,2023-04-23 16:00:00+00:00,21.621837530944937,4.353,21.029117838823748,21.029117838823748,,4.6559632546907705,signal,0.19031557197929383,0.24759443488722505,-2.266170006866531,-0.4867242035433634,2,465.6490095234399
2023-04-25 20:00:00+00:00,2023-04-26 00:00:00+00:00,21.968536101416028,2023-04-26 16:00:00+00:00,20.843188485662683,4.301,20.891244398757394,20.891244398757394,,4.6334316131347935,stop,0.18413322744902555,0.329422254410681,-5.024253322804171,-1.0843482201315933,4,463.38283951657337
2023-04-27 12:00:00+00:00,2023-04-27 16:00:00+00:00,22.278931619925284,2023-05-01 16:00:00+00:00,21.86153256850366,3.356,20.91351627906437,20.91351627906437,,4.582333883929225,signal,0.14813539781636753,0.19263121657097776,-1.5489266143873408,-0.3380213344600675,24,458.35858619376916
2023-05-02 12:00:00+00:00,2023-05-02 16:00:00+00:00,22.218857208785817,2023-05-03 04:00:00+00:00,21.861521500321977,4.775,21.262385582206218,21.262385582206218,,4.567152016917592,signal,0.21048380833598973,0.27377800791483053,-1.916761816250812,-0.4196842603773128,3,456.8096595793818
2023-05-03 20:00:00+00:00,2023-05-04 00:00:00+00:00,22.268924023419903,2023-05-04 08:00:00+00:00,22.08121605639345,4.791,21.319602333026623,21.319602333026623,,4.548200218674196,signal,0.2124815211223858,0.27647887002373356,-1.1117903911461156,-0.24444622877007016,2,454.892897763131
2023-05-04 08:00:00+00:00,2023-05-04 12:00:00+00:00,22.278958305810303,2023-05-04 16:00:00+00:00,21.781632599087207,5.096,21.388513789121514,21.388513789121514,,4.53770525704606,signal,0.22453277125135773,0.292131801460891,-2.7589045727122397,-0.607995543216093,1,453.7811073719849
2023-05-05 12:00:00+00:00,2023-05-05 16:00:00+00:00,22.34902710960411,2023-05-06 16:00:00+00:00,21.75167565151667,5.038,21.45383337813491,21.45383337813491,,4.509986019141816,signal,0.2221793405105265,0.28893664584451667,-3.2316359863550304,-0.7165512204780544,6,451.02220279927263
2023-05-07 12:00:00+00:00,2023-05-07 16:00:00+00:00,22.489221702625546,2023-05-07 20:00:00+00:00,21.591723111963645,5.282,21.641514002826575,21.641514002826575,,4.477592070338169,stop,0.23283555051066013,0.41734451880612433,-4.973423106386818,-1.1107360894560458,1,447.79056681291763
2023-05-30 08:00:00+00:00,2023-05-30 12:00:00+00:00,21.307687511039315,2023-05-30 16:00:00+00:00,20.922747494555725,6.344,20.60975151331694,20.60975151331694,,4.427705969550747,signal,0.26790987967549496,0.34853946457188256,-2.709969344247412,-0.6120481718713532,1,442.8171437065308
2023-05-30 16:00:00+00:00,2023-05-30 20:00:00+00:00,21.387789222122635,2023-05-31 04:00:00+00:00,20.585235184375595,5.828,20.632732162862016,20.632732162862016,,4.400472541370888,stop,0.24461878624107172,0.43876797714958227,-4.921903718230823,-1.1184943598574284,2,440.10717436228344
2023-06-02 04:00:00+00:00,2023-06-02 08:00:00+00:00,21.007303995926538,2023-06-05 12:00:00+00:00,20.247366364202627,6.101,20.294071939648106,20.294071939648106,,4.351428775354724,stop,0.251694743867148,0.45153239494067315,-4.888074235014713,-1.1233262653175893,19,435.1852706440526
2023-06-29 08:00:00+00:00,2023-06-29 12:00:00+00:00,18.08348010841335,2023-06-29 16:00:00+00:00,17.64702577754041,3.882,16.975103349859516,16.975103349859516,,4.302718576705983,signal,0.1387058238492725,0.18033571244876834,-1.833021536298034,-0.42601474012770174,1,430.2971964090379
2023-06-29 20:00:00+00:00,2023-06-30 00:00:00+00:00,18.02340774028194,2023-08-02 16:00:00+00:00,23.219761855591383,3.778,16.889550692708042,16.889550692708042,,4.283711925734181,signal,0.15581669473320942,0.20267415236092343,19.47600915290586,4.54652635157484,202,428.4641748727398
2023-08-08 16:00:00+00:00,2023-08-08 20:00:00+00:00,24.621974370367237,2023-08-10 04:00:00+00:00,24.208450390883304,4.834,23.695354998287332,23.695354998287332,,4.4792780446342535,signal,0.2360462732958851,0.3070749168253281,-2.2350211901212163,-0.4989690677493347,8,447.9401840256457
2023-08-10 04:00:00+00:00,2023-08-10 08:00:00+00:00,24.35166178745858,2023-08-13 08:00:00+00:00,24.65784101071497,5.197,23.494194315434342,23.494194315434342,,4.456258452109963,end,0.25470238604210793,0.33167657673653006,1.3365110372213564,0.29991775647315544,18,445.70516283552445
2023-08-13 12:00:00+00:00,2023-08-13 16:00:00+00:00,24.61198148000511,2023-08-16 00:00:00+00:00,23.610877236297664,4.722,23.66532319360195,23.66532319360195,,4.470120428395714,stop,0.22770833885838174,0.4081103589749693,-4.954922577644936,-1.1084539347462756,14,447.04167387274583
2023-09-18 00:00:00+00:00,2023-09-18 04:00:00+00:00,19.22497410286795,2023-09-27 00:00:00+00:00,19.005246483815448,4.058,18.13573216927797,18.13573216927797,,4.420143766508145,signal,0.15513823514076122,0.20179467811506213,-1.0467929132558282,-0.23682327285086943,53,442.0867512951009
2023-09-27 08:00:00+00:00,2023-09-27 12:00:00+00:00,19.41522240733162,2023-09-27 16:00:00+00:00,18.915366258383145,5.354,18.5915520791673,18.5915520791673,,4.409930936991768,signal,0.20522197171623685,0.2669298214701352,-2.881451793186372,-0.6534006619051392,1,441.03995838184505
2023-09-28 00:00:00+00:00,2023-09-28 04:00:00+00:00,19.23499677622403,2023-09-28 12:00:00+00:00,19.145050042320673,4.78,18.31852582030199,18.31852582030199,,4.380731169307358,signal,0.1834566237926437,0.23874538805805082,-0.6134020118506953,-0.1400227469214188,2,438.1585065886587
2023-09-28 12:00:00+00:00,2023-09-28 16:00:00+00:00,19.62549607276711,2023-10-12 04:00:00+00:00,21.681755662544052,4.869,18.726903984516117,18.726903984516117,,4.375244877694087,signal,0.20112500869923006,0.26166205737606335,9.810802933924705,2.242343733477006,81,437.545104576808
2023-10-16 04:00:00+00:00,2023-10-16 08:00:00+00:00,22.849679185187753,2023-11-22 00:00:00+00:00,51.582846563842516,4.439,21.84207892367375,21.84207892367375,,4.472737560860667,signal,0.3304059817999454,0.4298400061515014,127.21612401204855,28.442563928917167,220,447.35590751073266
2023-11-22 00:00:00+00:00,2023-11-22 04:00:00+00:00,54.43067064648167,2023-11-26 16:00:00+00:00,57.01577795021034,0.707,46.31400925127932,46.31400925127932,,5.7384796064080605,signal,0.07879263915786125,0.10243913626383341,1.7488782245783057,0.30476334230156776,27,574.5720315227812
2023-11-28 16:00:00+00:00,2023-11-28 20:00:00+00:00,58.115456158512245,2024-01-03 20:00:00+00:00,97.25340116754073,1.249,53.50132047624955,53.50132047624955,,5.763055467146104,signal,0.1940557028002402,0.25236668372341786,48.68923761347634,8.448511018337902,216,576.3209097473596
2024-01-04 00:00:00+00:00,2024-01-04 04:00:00+00:00,101.23143415788196,2024-01-04 08:00:00+00:00,98.76143829212913,0.412,86.07249990764515,86.07249990764515,,6.245480911097563,signal,0.08239706344940458,0.10711829669017084,-1.1000353601395716,-0.1761330113402355,1,625.0101473608358
2024-01-04 12:00:00+00:00,2024-01-04 16:00:00+00:00,103.79476076722004,2024-01-05 04:00:00+00:00,100.78880077826848,0.427,89.21315050928627,89.21315050928627,,6.2263475801377215,signal,0.0873571807799236,0.11356491528231813,-1.3709020960622382,-0.22017757255240078,3,623.9101120006962
2024-01-11 08:00:00+00:00,2024-01-11 12:00:00+00:00,104.57577579729886,2024-01-11 16:00:00+00:00,100.65897172963605,0.439,90.41544273665087,90.41544273665087,,6.216386213624468,signal,0.09009805416432443,0.11712698570397712,-1.8095750398682995,-0.2910975891269834,1,622.5392099046339
2024-01-17 00:00:00+00:00,2024-01-17 04:00:00+00:00,100.08995476004402,2024-01-17 08:00:00+00:00,97.19347459907395,0.661,90.7043565695595,90.7043565695595,,6.203880403910276,signal,0.130404346806377,0.16953338640121685,-2.0449777332075882,-0.32962881294724006,1,620.7296348647656
2024-01-17 08:00:00+00:00,2024-01-17 12:00:00+00:00,102.14261739339041,2024-01-18 16:00:00+00:00,98.12226475516847,0.612,92.04926997404405,92.04926997404405,,6.1771286206399685,signal,0.12256210787491803,0.15933581459182206,-2.5830179224667518,-0.4181583517357849,7,618.684657131558
2024-01-27 16:00:00+00:00,2024-01-27 20:00:00+00:00,93.23106192925012,2024-02-01 04:00:00+00:00,93.47831538421478,0.864,86.1046533913548,86.1046533913548,,6.157216976741554,signal,0.1613169019988337,0.20973301491052598,0.052310083090645776,0.008495734889357216,26,616.1016392090912
2024-02-01 04:00:00+00:00,2024-02-01 08:00:00+00:00,95.05341519422696,2024-02-11 20:00:00+00:00,107.32028683411893,0.636,85.37199899711723,85.37199899711723,,6.157380701361784,end,0.128709674490028,0.16734963702869612,7.673020688481266,1.2461501181475232,63,616.1539492921818
2024-02-12 00:00:00+00:00,2024-02-12 04:00:00+00:00,106.41817374822615,2024-02-20 16:00:00+00:00,106.48138926834505,0.907,99.54752222383925,99.54752222383925,,6.231680932618918,signal,0.19309990365603008,0.25104352325215884,-0.13576342690819843,-0.02178600418990686,51,623.8269699806631
2024-02-20 16:00:00+00:00,2024-02-20 20:00:00+00:00,107.45952293134222,2024-02-21 04:00:00+00:00,106.49136550549912,0.701,98.57265228370889,98.57265228370889,,6.229696323990959,signal,0.14997957279422575,0.1949883555160166,-0.8286579283102355,-0.13301738723908915,2,623.6912065537549
2024-02-26 16:00:00+00:00,2024-02-26 20:00:00+00:00,109.84261466456918,2024-02-27 16:00:00+00:00,106.67114153739543,0.81,102.1602652914345,102.1602652914345,,6.222702992239092,signal,0.17537614252359138,0.22799323301074098,-2.74426937553433,-0.44100921720946057,5,622.8625486254447
2024-02-27 16:00:00+00:00,2024-02-27 20:00:00+00:00,108.55094042398684,2024-02-28 04:00:00+00:00,107.43014464432261,0.739,100.16539464461998,100.16539464461998,,6.19691833095211,signal,0.15961002186548068,0.20750808117186692,-0.987878103037346,-0.15941441379066326,2,620.1182792499103
2024-02-28 04:00:00+00:00,2024-02-28 08:00:00+00:00,110.23313283572313,2024-04-02 04:00:00+00:00,183.35132027497258,0.771,102.20502274925484,102.20502274925484,,6.189672876667052,signal,0.2263536133483464,0.29437748433867134,56.147768902313004,9.07120134150722,203,619.1304011468729
2024-04-03 00:00:00+00:00,2024-04-03 04:00:00+00:00,188.71501670235656,2024-04-03 20:00:00+00:00,185.408646801936,0.357,169.80406090983422,169.80406090983422,,6.751211217930477,signal,0.13356214787103243,0.17363405445014854,-1.3139362023211731,-0.1946222921942514,4,675.278170049186
2024-04-04 08:00:00+00:00,2024-04-04 12:00:00+00:00,185.87133780893052,2024-04-05 00:00:00+00:00,183.76079045959338,0.392,168.69412183126076,168.69412183126076,,6.733468663246548,signal,0.14489579428126137,0.18837456094016036,-0.9722303552214271,-0.14438774483769046,3,673.9642338468648
2024-04-22 20:00:00+00:00,2024-04-23 00:00:00+00:00,157.144034479792,2024-04-23 08:00:00+00:00,153.42028393542503,0.458,142.47737946876094,142.47737946876094,,6.717327995052223,signal,0.14223845783416939,0.184917749320073,-1.8477162071542352,-0.2750671410589458,2,672.9920034916433
2024-04-23 12:00:00+00:00,2024-04-23 16:00:00+00:00,158.13531588416097,2024-04-24 16:00:00+00:00,151.31303305772892,0.476,144.0495330392511,144.0495330392511,,6.704832634177107,signal,0.14729741409633956,0.19148662538165218,-3.3947040394780004,-0.5063070511520139,6,671.1442872844891
2024-05-03 12:00:00+00:00,2024-05-03 16:00:00+00:00,142.2747208431618,2024-05-09 00:00:00+00:00,141.98517241910946,0.416,126.25314589198206,126.25314589198206,,6.66497517969077,signal,0.11825211559710484,0.15373214440576155,-0.23870426000287637,-0.03581472602182314,32,667.7495832450111
2024-05-09 00:00:00+00:00,2024-05-09 04:00:00+00:00,144.31738685940542,2024-05-09 12:00:00+00:00,142.6143461242497,0.533,131.8001342080595,131.8001342080595,,6.671695663167383,signal,0.15293461368028818,0.1988307118380096,-1.0606553255182973,-0.1589783735750848,2,667.5108789850082
2024-05-09 12:00:00+00:00,2024-05-09 16:00:00+00:00,146.66042054473348,2024-05-13 04:00:00+00:00,139.9478232739452,0.521,133.8926202258534,133.8926202258534,,6.652023966136532,signal,0.1493228950295316,0.19412317808069185,-3.646586073110228,-0.548191962577692,21,666.4502236594899
2024-05-13 04:00:00+00:00,2024-05-13 08:00:00+00:00,143.7466396194967,2024-05-15 00:00:00+00:00,141.84532489454082,0.58,132.32667912673944,132.32667912673944,,6.623577085799217,signal,0.16564333941814174,0.21536254047441045,-1.2684058798925548,-0.1914986212830504,10,662.8036375863796
2024-05-15 00:00:00+00:00,2024-05-15 04:00:00+00:00,144.14717623997342,2024-05-26 20:00:00+00:00,162.49846123611167,0.602,133.16022551264484,133.16022551264484,,6.614144337851799,signal,0.18460067376060324,0.24002643232477522,10.862872893914613,1.6423700994470216,70,661.5352317064871
2024-05-26 20:00:00+00:00,2024-05-27 00:00:00+00:00,163.63247212199573,2024-05-30 08:00:00+00:00,164.7754996383544,0.586,152.158902807953,152.158902807953,,6.723511618029031,signal,0.1924470714515652,0.2502058754138312,0.47736705313461414,0.07099966211920554,20,672.3981046004018
2024-05-30 12:00:00+00:00,2024-05-30 16:00:00+00:00,168.6890263561506,2024-05-31 00:00:00+00:00,166.66303078010142,0.568,156.85742077595097,156.85742077595097,,6.720351969553389,signal,0.19047996845339116,0.24764548719593424,-1.341245455649343,-0.1995796442992669,2,672.8754716535364
2024-06-04 20:00:00+00:00,2024-06-05 00:00:00+00:00,172.00336218154357,2024-06-06 20:00:00+00:00,168.90011915744043,0.82,163.82276897839066,163.82276897839066,,6.7080864265853855,signal,0.27954085469796686,0.3634592797645746,-2.8242001344625294,-0.4210142736488461,11,671.5342261978869
2024-06-06 20:00:00+00:00,2024-06-07 00:00:00+00:00,170.37122371551004,2024-06-07 16:00:00+00:00,162.05567318292472,0.841,162.42928748098092,162.42928748098092,,6.679168373238988,stop,0.27957102029158365,0.500258769409201,-7.272949018195845,-1.0889003857629824,4,668.7100260634244
2024-06-27 12:00:00+00:00,2024-06-27 16:00:00+00:00,147.9621041583309,2024-06-30 04:00:00+00:00,138.12018459213013,0.559,136.13462271189522,136.13462271189522,,6.611562128557554,signal,0.15991999941150775,0.2079030375062324,-5.661553036917738,-0.8563109484313233,15,661.4370770452285
2024-06-30 04:00:00+00:00,2024-06-30 08:00:00+00:00,140.83286939091855,2024-07-04 04:00:00+00:00,136.89180207034602,0.682,131.2215122233223,131.2215122233223,,6.5549455883006456,signal,0.18940822593658246,0.24624791263045614,-2.87721613856705,-0.43893821845025593,23,655.7755240083108
2024-07-06 08:00:00+00:00,2024-07-06 12:00:00+00:00,138.92037105557384,2024-07-07 16:00:00+00:00,136.90178493391025,0.46,124.75359322422653,124.75359322422653,,6.516717802419763,signal,0.1268781917551627,0.1649496159652523,-1.0554278077204202,-0.16195696050065614,7,652.8983078697437
2024-07-08 08:00:00+00:00,2024-07-08 12:00:00+00:00,140.7827844977285,2024-07-08 16:00:00+00:00,137.26132380723112,0.461,126.6504927278842,126.6504927278842,,6.51498650589822,signal,0.1281783339285864,0.1666333783192927,-1.7515717122478733,-0.2688526999498957,1,651.8428800620234
2024-07-08 20:00:00+00:00,2024-07-09 00:00:00+00:00,139.99176561829645,2024-07-11 16:00:00+00:00,138.26002262449677,0.451,125.58093288566236,125.58093288566236,,6.499285562417974,signal,0.12549155649749977,0.16314609020365584,-0.9065076467011579,-0.13947804539363917,16,650.0913083497754
2024-07-13 20:00:00+00:00,2024-07-14 00:00:00+00:00,142.0744814844568,2024-08-01 00:00:00+00:00,171.4767742263785,0.703,132.84328897368297,132.84328897368297,,6.489528335074,signal,0.22042653276471724,0.28661820242905756,20.449385264806224,3.1511358312873505,108,649.1848007030743
2024-08-18 16:00:00+00:00,2024-08-18 20:00:00+00:00,146.63040255728527,2024-08-19 00:00:00+00:00,142.23482758318048,0.662,136.52252940435196,136.52252940435196,,6.691412027241843,signal,0.19122878235298835,0.24863063285736395,-3.1010994152103706,-0.4634446963638292,1,669.6341859678805
2024-08-20 00:00:00+00:00,2024-08-20 04:00:00+00:00,145.7692710389276,2024-08-20 16:00:00+00:00,141.9751805572617,0.686,136.06594315094196,136.06594315094196,,6.656482931158157,signal,0.1973926937949859,0.2566260704227994,-2.8001387642177917,-0.4206634033583554,3,666.53308655267
2024-08-23 16:00:00+00:00,2024-08-23 20:00:00+00:00,149.8946200422453,2024-08-28 00:00:00+00:00,146.5891773055366,0.756,141.12462906187716,141.12462906187716,,6.630113181158316,signal,0.2241417507949231,0.29139470895178565,-2.723056459746701,-0.41071040347926135,25,663.7329477884523
2024-08-28 00:00:00+00:00,2024-08-28 04:00:00+00:00,148.36263935054276,2024-08-28 08:00:00+00:00,143.78282694102958,0.61,137.53133937446984,137.53133937446984,,6.607092985404481,signal,0.17820873443785915,0.23168556980304741,-2.971894304240905,-0.44980361420764353,1,661.0098913287056
2024-08-28 08:00:00+00:00,2024-08-28 12:00:00+00:00,147.34130589063926,2024-08-28 16:00:00+00:00,143.92264672951285,0.567,135.7408992786172,135.7408992786172,,6.577430549016509,signal,0.16514666113562623,0.2146997443586809,-2.103526405494307,-0.3198097478670964,1,658.0379970244646
2024-09-12 00:00:00+00:00,2024-09-12 04:00:00+00:00,135.78631280048592,2024-09-12 08:00:00+00:00,134.72459488921552,0.746,126.99776646864339,126.99776646864339,,6.556255563554529,signal,0.20180113713651726,0.26238156180770666,-0.9938426989442206,-0.1515869369810533,1,655.9344706189703
2024-09-12 16:00:00+00:00,2024-09-12 20:00:00+00:00,135.91648880120135,2024-09-13 12:00:00+00:00,132.41760244768767,0.794,127.6744893274468,127.6744893274468,,6.5441475821611075,signal,0.2130572684516179,0.2770157646898598,-2.991173033141493,-0.45707603558563126,4,654.940627920026
2024-09-13 12:00:00+00:00,2024-09-13 16:00:00+00:00,136.75756770640936,2024-09-16 00:00:00+00:00,131.20918225366324,0.816,128.77761110237392,128.77761110237392,,6.5116445888929055,signal,0.21866086796741924,0.28428252944081805,-4.746143397408247,-0.7288701544773921,14,651.9494548868845
2024-09-17 12:00:00+00:00,2024-09-17 16:00:00+00:00,134.83507458144734,2024-09-17 20:00:00+00:00,132.04809313055145,0.957,128.07233013780558,128.07233013780558,,6.471946432565174,signal,0.2554071915003828,0.3320612485073726,-2.922548440007745,-0.45157179072160286,1,647.2033114894763
2024-09-18 20:00:00+00:00,2024-09-19 00:00:00+00:00,134.51466542748042,2024-10-01 20:00:00+00:00,145.23094687454645,0.754,125.97164383975925,125.97164383975925,,6.441438277141765,signal,0.21092819167572827,0.27424378891220613,7.869148019412066,1.221644558380184,77,644.2807630494685
2024-10-02 00:00:00+00:00,2024-10-02 04:00:00+00:00,147.39137521832697,2024-10-02 12:00:00+00:00,145.94001427848693,0.567,135.90323394451988,135.90323394451988,,6.513776102248614,signal,0.16631889784469345,0.2162316528893084,-0.9892405507339959,-0.15186898278442532,2,652.1499110688806
2024-10-02 12:00:00+00:00,2024-10-02 16:00:00+00:00,147.65170933950048,2024-10-02 20:00:00+00:00,139.79801876251375,0.57,136.23219535314692,136.23219535314692,,6.509122972221525,signal,0.1638463450181481,0.21300362888242913,-4.640449973900573,-0.7129147803328126,1,651.1606705181466
2024-10-07 00:00:00+00:00,2024-10-07 04:00:00+00:00,150.14495255323945,2024-10-07 08:00:00+00:00,147.8275516680227,0.772,141.77271761439613,141.77271761439613,,6.463365372787044,signal,0.23003477325881438,0.2990734833873523,-2.0190682566461504,-0.31238652624329594,1,646.5202205442461
2024-10-07 12:00:00+00:00,2024-10-07 16:00:00+00:00,148.89332038510963,2024-10-07 20:00:00+00:00,146.90875303753296,0.683,139.46923504959986,139.46923504959986,,6.436650284153168,signal,0.2020328161476649,0.2626594983948707,-1.5574923145425288,-0.24197249280064606,1,644.5011522875999
2024-10-13 20:00:00+00:00,2024-10-14 00:00:00+00:00,147.93211308210175,2024-11-01 08:00:00+00:00,165.74420275305323,0.947,141.1474158216183,141.1474158216183,,6.425108305677821,signal,0.29705147109589175,0.38629108160894776,16.570997447295156,2.5791000958927786,110,642.9436599730573
2024-11-01 08:00:00+00:00,2024-11-01 12:00:00+00:00,168.09827061338646,2024-11-01 16:00:00+00:00,163.88666172895702,0.632,157.67318635693866,157.67318635693866,,6.5886532500750095,signal,0.20981447724036112,0.2727768149594042,-2.871551292199783,-0.43583281487261316,1,659.5146574203525
2024-11-02 04:00:00+00:00,2024-11-02 08:00:00+00:00,167.84798572922736,2024-11-02 12:00:00+00:00,165.8141054141179,0.59,156.72415607709345,156.72415607709345,,6.563059494759011,signal,0.1968606337745737,0.25598938591458276,-1.396850019689154,-0.21283519078329566,1,656.6431061281527
2024-11-06 00:00:00+00:00,2024-11-06 04:00:00+00:00,185.1804249869892,2024-11-26 12:00:00+00:00,227.43394484743416,0.435,170.14135135949041,170.14135135949041,,6.541997027961979,signal,0.17948725087797418,0.2333688607064418,18.200793888415575,2.7821464624060903,122,655.2462561084635
2024-11-27 04:00:00+00:00,2024-11-27 08:00:00+00:00,234.6546654507259,2024-11-28 16:00:00+00:00,232.7570092387967,0.303,212.44378987524408,212.44378987524408,,6.729895299370996,signal,0.14162573743092535,0.1841198322145465,-0.7166155696454695,-0.1064824247284274,8,673.4470499968791
2024-11-28 16:00:00+00:00,2024-11-28 20:00:00+00:00,235.77613375441518,2024-12-01 00:00:00+00:00,237.29109433994148,0.357,216.93825525865455,216.93825525865455,,6.725122622986546,signal,0.16888500042968535,0.21956907096711065,0.37195592860318527,0.0553084232742219,13,672.7304344272336
2024-12-05 08:00:00+00:00,2024-12-05 12:00:00+00:00,242.1043350088008,2024-12-05 16:00:00+00:00,238.7592043380258,0.301,219.76360717945877,219.76360717945877,,6.724559076631948,signal,0.1447399253433948,0.18816433190327725,-1.1516242572466666,-0.1712564711117784,1,673.1023903558369
2024-12-06 00:00:00+00:00,2024-12-06 04:00:00+00:00,242.2945782282211,2024-12-06 08:00:00+00:00,238.99888505803145,0.259,216.42822026451228,216.42822026451228,,6.6993867126005835,signal,0.12465500699113943,0.16205453107912282,-0.9782395380702624,-0.1460192671413242,1,671.9507660985903
2024-12-07 12:00:00+00:00,2024-12-07 16:00:00+00:00,241.1631157182084,2024-12-08 00:00:00+00:00,237.83040438612196,0.326,220.6295447365609,220.6295447365609,,6.693944140017088,signal,0.15615188755401171,0.2030038942601745,-1.2426157818141945,-0.18563282809393483,2,670.97252656052
2024-12-08 00:00:00+00:00,2024-12-08 04:00:00+00:00,240.98289357058806,2024-12-08 08:00:00+00:00,237.29109567647453,0.35,221.8783617022646,221.8783617022646,,6.686586153913211,signal,0.16739589623647189,0.21762926293973947,-1.4595251591762093,-0.218276580242976,1,669.7299107787057
2024-12-31 12:00:00+00:00,2024-12-31 16:00:00+00:00,198.6979872756972,2024-12-31 20:00:00+00:00,193.55802820494105,0.453,183.9751823163891,183.9751823163891,,6.669430646566568,signal,0.17769197501272915,0.23101145905253098,-2.5060934340652636,-0.37575822688184096,1,668.2703856195295
2025-01-02 00:00:00+00:00,2025-01-02 04:00:00+00:00,198.80813156307445,2025-01-08 04:00:00+00:00,198.42170400806796,0.494,185.35426573394733,185.35426573394733,,6.646209719588793,signal,0.1962315387721444,0.25511521217320465,-0.38712675094534177,-0.05824774830748098,36,665.7642921854642
2025-01-15 16:00:00+00:00,2025-01-15 20:00:00+00:00,202.16248308632163,2025-01-27 12:00:00+00:00,225.54639890796034,0.451,187.4207557122657,187.4207557122657,,6.648519045699229,signal,0.19289670577942117,0.25079396444094115,10.353249329779644,1.5572263926170022,70,665.3771654345189
2025-01-27 12:00:00+00:00,2025-01-27 16:00:00+00:00,233.97377444903773,2025-01-27 20:00:00+00:00,226.24549493679083,0.245,206.45707371146543,206.45707371146543,,6.741591680705216,signal,0.11275372099952802,0.14657848050049155,-2.0061822015000175,-0.29758287011683227,1,675.7304147642985
2025-01-27 20:00:00+00:00,2025-01-28 00:00:00+00:00,235.205378013786,2025-01-29 00:00:00+00:00,226.76481405353348,0.235,206.64832482679762,206.64832482679762,,6.710907498942268,signal,0.10856299513582007,0.141132530659341,-2.092095525795166,-0.3117455465039429,6,673.7242325627985
2025-01-29 04:00:00+00:00,2025-01-29 08:00:00+00:00,234.7247681066355,2025-01-29 12:00:00+00:00,231.67840425720078,0.281,210.8608049380962,210.8608049380962,,6.705773650359544,signal,0.131059291434238,0.1703882416911588,-0.9870875331254041,-0.14719964982302666,1,671.6321370370033
2025-01-30 00:00:00+00:00,2025-01-30 04:00:00+00:00,240.56233361741405,2025-01-31 04:00:00+00:00,235.64325061831525,0.256,214.44152960581087,214.44152960581087,,6.686925826970413,signal,0.12190862956434671,0.15848524776929118,-1.3811938773336365,-0.20655139791783844,6,670.6450495038779
2025-01-31 12:00:00+00:00,2025-01-31 16:00:00+00:00,240.4121413848032,2025-01-31 20:00:00+00:00,230.21032643007075,0.332,220.29075668823623,220.29075668823623,,6.68029971926023,signal,0.15624665931453818,0.20312256497116937,-3.5432492242857023,-0.5304027323908872,1,669.2638556265442
