entry_signal_time,entry_time,entry_price,exit_time,exit_price,qty,stop_initial,stop_final,take_profit,risk_usd,reason,fees,slippage_cost,pnl,r_multiple,bars_held,equity_at_entry
2019-09-02 16:00:00+00:00,2019-09-02 20:00:00+00:00,10167.706337298516,2019-09-10 20:00:00+00:00,10021.588602578167,0.01785,9887.745176900904,9887.745176900904,,4.997306713097359,signal,0.36037891467679883,0.14418756475823546,-2.968580479435019,-0.5940360778046133,48,500.0
2019-09-11 20:00:00+00:00,2019-09-12 00:00:00+00:00,10162.815466197022,2019-09-12 04:00:00+00:00,10109.552800673491,0.01456,9821.528103095605,9821.528103095605,,4.969144006756631,signal,0.2951656819656347,0.11812041002261395,-1.0706700919882621,-0.2154636876155035,1,497.031419520565
2019-09-12 08:00:00+00:00,2019-09-12 12:00:00+00:00,10173.519161488732,2019-09-16 16:00:00+00:00,10115.681375150261,0.01566,9856.969614574076,9856.969614574076,,4.957165904683493,signal,0.3177288804037667,0.12712453406042704,-1.2234686144641955,-0.2468080830839798,25,495.9607494285767
2019-10-09 12:00:00+00:00,2019-10-09 16:00:00+00:00,8555.881317856201,2019-10-11 08:00:00+00:00,8263.115809515053,0.01709,8266.42271852805,8266.42271852805,,4.946847462518103,stop,0.2874366609067748,0.11498539719462315,-5.290799198456995,-1.0695294808552291,10,494.7372808141125
2019-10-11 08:00:00+00:00,2019-10-11 12:00:00+00:00,8302.750497579202,2019-10-15 20:00:00+00:00,8173.828415540959,0.01641,8004.4901331895935,8004.4901331895935,,4.894452579633469,signal,0.2703806599643019,0.10817606624756028,-2.385992026211852,-0.487489047527054,26,489.44648161565556
2019-10-20 16:00:00+00:00,2019-10-20 20:00:00+00:00,8238.294957000011,2019-10-22 20:00:00+00:00,8164.640165686665,0.02353,8031.337769619765,8031.337769619765,,4.869702619057196,signal,0.38596106343681746,0.15446953960303555,-2.11905830303985,-0.4351514802458538,12,487.0604895894437
2019-10-25 12:00:00+00:00,2019-10-25 16:00:00+00:00,8266.255486622498,2019-11-08 16:00:00+00:00,8817.231415498603,0.01448,7931.566523371414,7931.566523371414,,4.846296187875697,signal,0.24736889034271353,0.09895734987398973,7.730762559783287,1.5951898646070894,84,484.9414312864038
2019-12-06 16:00:00+00:00,2019-12-06 20:00:00+00:00,7436.063715245754,2019-12-10 00:00:00+00:00,7335.70382001127,0.01629,7133.659853283698,7133.659853283698,,4.926158911361899,signal,0.24063209314933692,0.09627219336974246,-1.87549478651907,-0.3807215358386735,19,492.67219384618716
2019-12-10 00:00:00+00:00,2019-12-10 04:00:00+00:00,7386.6943548521585,2019-12-10 08:00:00+00:00,7348.228379017216,0.0225,7168.614614527578,7168.614614527578,,4.906794157303068,signal,0.33153576151206093,0.13265945628621467,-1.1970202177982685,-0.2439515861933343,1,490.7966990596681
2019-12-18 20:00:00+00:00,2019-12-19 00:00:00+00:00,7280.741332826982,2019-12-19 04:00:00+00:00,7156.076035690897,0.0155,6965.03785686226,6965.03785686226,,4.893403877453201,signal,0.22377066921202715,0.08951710560931905,-2.1560827748213427,-0.44061001887779755,1,489.59967884186983
2019-12-22 16:00:00+00:00,2019-12-22 20:00:00+00:00,7402.420298413804,2019-12-24 16:00:00+00:00,7205.883308522718,0.02517,7208.767754717154,7208.767754717154,,4.8742345248446615,stop,0.3676910017865923,0.1471122217894017,-5.314527037345243,-1.090330596580109,11,487.4435960670485
2019-12-24 16:00:00+00:00,2019-12-24 20:00:00+00:00,7256.822220658799,2019-12-27 12:00:00+00:00,7133.524543415681,0.0182,6991.947396357294,6991.947396357294,,4.820721802287396,signal,0.26190431110615553,0.10478972582473925,-2.5059220369308832,-0.5198229932583627,16,482.12906902970326
2019-12-27 12:00:00+00:00,2019-12-27 16:00:00+00:00,7240.645859759599,2019-12-31 20:00:00+00:00,7170.87886493746,0.02125,7014.9428763862425,7014.9428763862425,,4.796188396683824,signal,0.30624490039981256,0.12254863997045731,-1.78879354037025,-0.3729614836662913,25,479.6231469927724
2019-12-31 20:00:00+00:00,2020-01-01 00:00:00+00:00,7198.1233015142225,2020-01-02 04:00:00+00:00,7126.395432322386,0.03023,7040.060222448627,7040.060222448627,,4.778246880152951,signal,0.4330302013238807,0.17345578566921982,-2.601363686993068,-0.5444180161134325,7,477.83435345240207
2020-01-03 04:00:00+00:00,2020-01-03 08:00:00+00:00,7205.161426345676,2020-01-23 12:00:00+00:00,8419.609998593158,0.02472,7012.98418778406,7012.98418778406,,4.750621337243137,signal,0.38624434962448795,0.1545352940422421,29.6349243563333,6.238115449026911,121,475.232989765409
2020-01-24 12:00:00+00:00,2020-01-24 16:00:00+00:00,8511.203981154047,2020-01-25 00:00:00+00:00,8435.61259338323,0.02005,8259.408351800621,8259.408351800621,,5.048502368536207,signal,0.3397836723194724,0.13596682480489436,-1.8553909971243456,-0.36751314779759303,2,504.8679141217423
2020-01-26 16:00:00+00:00,2020-01-26 20:00:00+00:00,8570.417882522232,2020-02-16 20:00:00+00:00,9742.011028850668,0.02398,8360.704089752675,8360.704089752675,,5.028936750613958,signal,0.43913204529472216,0.17569795104410701,27.655671603661176,5.499307900479128,125,503.0125231246179
2020-02-16 20:00:00+00:00,2020-02-17 00:00:00+00:00,9914.66502903589,2020-02-17 08:00:00+00:00,9749.1080120997,0.01515,9564.58080605343,9564.58080605343,,5.303775978184288,signal,0.29790616157320426,0.11918530658328363,-2.806094968156515,-0.529074942022186,2,530.6681947282791
2020-02-18 12:00:00+00:00,2020-02-18 16:00:00+00:00,9834.622819497714,2020-02-19 20:00:00+00:00,9476.871217220269,0.01491,9480.664408664996,9480.664408664996,,5.277519905515824,stop,0.2879343760874651,0.11519482315178864,-5.622010766044184,-1.0652751418650859,5,527.8620997601226
2020-02-23 20:00:00+00:00,2020-02-24 00:00:00+00:00,9940.376453474944,2020-02-24 00:00:00+00:00,9676.764534665459,0.0201,9680.638586779469,9680.638586779469,,5.220731120579052,stop,0.3943045338616221,0.1577951623379864,-5.6929041019322995,-1.0904419267048706,0,522.2400889940784
2020-03-23 20:00:00+00:00,2020-03-24 00:00:00+00:00,6467.836217627363,2020-03-29 20:00:00+00:00,5904.0273207364025,0.00841,5854.013605488524,5854.013605488524,,5.162248168087635,signal,0.10404737235763928,0.041620222852981135,-4.845680195210619,-0.9386763358580861,35,516.5471848921461
2020-03-30 00:00:00+00:00,2020-03-30 04:00:00+00:00,6011.684052645403,2020-04-13 04:00:00+00:00,6672.859608632036,0.01492,5668.896034790323,5668.896034790323,,5.114397226397805,signal,0.1892533914262594,0.07571070467944474,9.675485903894298,1.891813536491568,84,511.7015046969355
2020-04-13 08:00:00+00:00,2020-04-13 12:00:00+00:00,6773.718811102014,2020-04-15 12:00:00+00:00,6780.146416809752,0.01718,6470.300959023508,6470.300959023508,,5.212718698708737,signal,0.23285540461552418,0.09315673394105674,-0.12242913855659765,-0.023486619100878216,12,521.3769906008298
2020-04-16 04:00:00+00:00,2020-04-16 08:00:00+00:00,6895.9975267934615,2020-04-20 12:00:00+00:00,6962.633466780011,0.01742,6596.880889167639,6596.880889167639,,5.210611827441835,signal,0.24141735190804992,0.09657752543431102,0.9193807226576354,0.1764439096797982,25,521.2545614622732
2020-04-20 12:00:00+00:00,2020-04-20 16:00:00+00:00,7074.228983003686,2020-04-20 16:00:00+00:00,6820.772411915802,0.02082,6823.502206542704,6823.502206542704,,5.22013148591765,stop,0.28929392904222384,0.11573375026884922,-5.566259739091947,-1.0663064242937266,0,522.1739421849308
2020-04-22 12:00:00+00:00,2020-04-22 16:00:00+00:00,7114.995226937114,2020-05-10 20:00:00+00:00,8497.259436542,0.02086,6867.371565158084,6867.371565158084,,5.1654295847105605,signal,0.3256716322801744,0.1302871876421065,28.50835978007771,5.5190685135774915,108,516.6076824458388
2020-05-10 20:00:00+00:00,2020-05-11 00:00:00+00:00,8726.259290453758,2020-05-11 08:00:00+00:00,8660.853903631456,0.00879,8106.268822576337,8106.268822576337,,5.44971621264253,signal,0.15283272497600903,0.06113785016802648,-0.7277460751440401,-0.1335383434197505,2,545.1160422259165
2020-05-11 08:00:00+00:00,2020-05-11 12:00:00+00:00,8929.740609812176,2020-05-11 16:00:00+00:00,8322.997757926802,0.00902,8326.328372958424,8326.328372958424,,5.442778376420836,stop,0.1556197000770056,0.06224904809105378,-5.628440224083079,-1.0341115942671053,1,544.3882961507725
2020-05-11 16:00:00+00:00,2020-05-11 20:00:00+00:00,8748.748159718585,2020-05-12 00:00:00+00:00,8558.614995378312,0.00789,8066.243016717137,8066.243016717137,,5.38496557828143,signal,0.1365550952937145,0.054623766644765995,-1.6367057619384724,-0.3039398744793489,1,538.7598559266894
2020-05-12 08:00:00+00:00,2020-05-12 12:00:00+00:00,8804.430620224715,2020-05-21 16:00:00+00:00,9078.866890002022,0.0086,8180.398438080182,8180.398438080182,,5.366676766442983,signal,0.15379635858794993,0.06152207991516334,2.206355561496906,0.41112138060799813,55,537.123150164751
2020-05-28 08:00:00+00:00,2020-05-28 12:00:00+00:00,9270.92780508227,2020-06-11 16:00:00+00:00,9517.731012838625,0.01848,8979.148574139823,8979.148574139823,,5.392080187816427,signal,0.34721441495517813,0.13891032066259112,4.213708864382255,0.781462574296143,85,539.3295057262478
2020-06-22 16:00:00+00:00,2020-06-22 20:00:00+00:00,9567.336369109064,2020-06-24 08:00:00+00:00,9369.165514166893,0.02795,9372.91600206018,9372.91600206018,,5.434049259016333,stop,0.529275227637563,0.21177315321568674,-6.068150623271265,-1.1166903967980808,9,543.5432145906301
2020-07-06 12:00:00+00:00,2020-07-06 16:00:00+00:00,9308.74309388475,2020-07-09 16:00:00+00:00,9204.895713978945,0.03103,9135.581303271803,9135.581303271803,,5.373210362719751,signal,0.5744782122080104,0.22985099847710405,-3.7968624106851507,-0.7066282826052054,18,537.4750639673589
2020-07-09 20:00:00+00:00,2020-07-10 00:00:00+00:00,9236.116169504945,2020-07-10 08:00:00+00:00,9151.32655851216,0.03004,9058.517026917454,9058.517026917454,,5.335078243328209,signal,0.5523587795496339,0.2210827142232292,-3.0994386937728677,-0.5809546837759831,2,533.6782015566737
2020-07-10 12:00:00+00:00,2020-07-10 16:00:00+00:00,9249.610512446587,2020-07-14 08:00:00+00:00,9177.525620920598,0.03134,9080.355677184161,9080.355677184161,,5.304446537124388,signal,0.5775064464197276,0.23112910042450685,-2.836646946844212,-0.5347677513556384,22,530.5787628629008
2020-07-14 08:00:00+00:00,2020-07-14 12:00:00+00:00,9236.504572261169,2020-07-15 20:00:00+00:00,9181.783536401132,0.03541,9087.507466340852,9087.507466340852,,5.275987520638408,signal,0.652191581927732,0.26100837980389247,-2.5898634617316247,-0.4908774805855198,8,527.7421159160566
2020-07-19 20:00:00+00:00,2020-07-20 00:00:00+00:00,9212.676802753547,2020-07-20 04:00:00+00:00,9188.297849032035,0.05179,9111.292979863092,9111.292979863092,,5.250668187496686,signal,0.9529864772159753,0.38163811323712193,-2.2155724904530985,-0.42196010323581257,1,525.152252454325
2020-07-21 04:00:00+00:00,2020-07-21 08:00:00+00:00,9319.007710077713,2020-08-19 20:00:00+00:00,11645.127931844005,0.04532,9203.635798112871,9203.635798112871,,5.228655050246586,signal,0.9500946272918924,0.38022474955164914,104.46967382315643,19.98021916137489,177,522.9366799638719
2020-08-19 20:00:00+00:00,2020-08-20 00:00:00+00:00,11759.08272634066,2020-08-20 04:00:00+00:00,11695.108742163786,0.01624,11372.918750742185,11372.918750742185,,6.271302963719238,signal,0.3808960694485123,0.15239590303247869,-1.4198335724809397,-0.2264016872881067,1,627.4063537870284
2020-08-20 08:00:00+00:00,2020-08-20 12:00:00+00:00,11821.868153207868,2020-08-21 12:00:00+00:00,11710.912815273072,0.01732,11460.644015310692,11460.644015310692,,6.256402068379084,signal,0.4075877663740899,0.16307365303068763,-2.3293342194047852,-0.37231210429675465,6,625.9865202145475
2020-08-24 04:00:00+00:00,2020-08-24 08:00:00+00:00,11763.27463474569,2020-08-24 20:00:00+00:00,11743.679226726093,0.01667,11389.292733817007,11389.292733817007,,6.234278288481172,signal,0.3918609208707347,0.15678815168667376,-0.7185163725574455,-0.11525253434467621,3,623.6571859951426
2020-08-30 20:00:00+00:00,2020-08-31 00:00:00+00:00,11715.855941693726,2020-08-31 04:00:00+00:00,11674.4066145695,0.01783,11366.514887928271,11366.514887928271,,6.228750988638042,signal,0.41704838137817335,0.16687680262495283,-1.156089884003137,-0.18560541047667148,1,622.9386696225852
2020-08-31 12:00:00+00:00,2020-08-31 16:00:00+00:00,11746.847549808435,2020-09-01 00:00:00+00:00,11644.848823551354,0.01785,11398.529590192777,11398.529590192777,,6.217475579139499,signal,0.4175417802644723,0.1670532636889101,-2.2382190439533645,-0.3599883932737754,2,621.7825797385821
2020-09-01 00:00:00+00:00,2020-09-01 04:00:00+00:00,11696.107657610984,2020-09-02 08:00:00+00:00,11337.865018193957,0.01751,11342.402767933287,11342.402767933287,,6.193372618256482,stop,0.40332486155334457,0.16136178270398763,-6.676153477745487,-1.0779512051423954,7,619.5443606946287
2020-09-15 00:00:00+00:00,2020-09-15 04:00:00+00:00,10759.42285141605,2020-09-21 12:00:00+00:00,10323.073835542325,0.01417,10327.20505746758,10327.20505746758,,6.124526140249822,stop,0.2987389780542002,0.11951081924626056,-6.4818045329848815,-1.0583356792923226,38,612.8682072168832
2020-09-24 16:00:00+00:00,2020-09-24 20:00:00+00:00,10658.132029926435,2020-09-27 12:00:00+00:00,10619.368981879892,0.01382,10219.619876164288,10219.619876164288,,6.060237964992877,signal,0.2940550639831635,0.11765032400322689,-0.8297603879863971,-0.1369187798861249,16,606.3864026838983
2020-09-27 12:00:00+00:00,2020-09-27 16:00:00+00:00,10759.123316343273,2020-09-29 00:00:00+00:00,10691.830388711958,0.01689,10400.691900823764,10400.691900823764,,6.053906608124531,signal,0.36230660807838283,0.14496564769292933,-1.498884155771293,-0.24758957360850992,8,605.5566422959118
2020-09-29 04:00:00+00:00,2020-09-29 08:00:00+00:00,10731.292496929025,2020-09-30 08:00:00+00:00,10702.276020466357,0.01754,10386.965198202302,10386.965198202302,,6.039500819666713,signal,0.37594479179511503,0.15043139715518644,-0.8848937889503077,-0.14651770326262498,6,604.0577581401405
2020-09-30 12:00:00+00:00,2020-09-30 16:00:00+00:00,10781.702271296197,2020-09-30 20:00:00+00:00,10702.196199608112,0.01838,10453.579483350322,10453.579483350322,,6.030896842445194,signal,0.39487405389522123,0.15799579762701021,-1.8561956515222562,-0.30778103158031667,1,603.1728643511902
2020-09-30 20:00:00+00:00,2020-10-01 00:00:00+00:00,10780.90285415759,2020-10-01 16:00:00+00:00,10711.942555234238,0.01835,10453.350603326708,10453.350603326708,,6.0105838027466945,signal,0.3943937132623401,0.15781548524349356,-1.6598151985058394,-0.2761487491027649,4,601.316668699668
2020-10-05 04:00:00+00:00,2020-10-05 08:00:00+00:00,10690.58663413534,2020-10-05 12:00:00+00:00,10662.261216600024,0.02263,10425.65936457785,10425.65936457785,,5.9953041100859865,signal,0.48321494686214134,0.19338279882422438,-1.124219145686311,-0.1875166171796058,1,599.6568535011621
2020-10-05 12:00:00+00:00,2020-10-05 16:00:00+00:00,10730.301976156112,2020-10-06 20:00:00+00:00,10567.120414084766,0.02283,10468.133565160113,10468.133565160113,,5.9853048230386525,signal,0.4862201531691993,0.19454726208883202,-4.211655215258048,-0.7036659518236286,7,598.5326343554758
2020-10-07 16:00:00+00:00,2020-10-07 20:00:00+00:00,10655.162524337202,2020-10-08 08:00:00+00:00,10587.981095661651,0.02291,10395.772894015969,10395.772894015969,,5.942616430659451,signal,0.4866804203341738,0.19476773095686,-2.0258069512910595,-0.34089478513864907,3,594.3209791402178
2020-10-08 12:00:00+00:00,2020-10-08 16:00:00+00:00,10901.319288873256,2020-11-26 12:00:00+00:00,17093.15964209836,0.01962,10599.442908420056,10599.442908420056,,5.922814584491776,signal,0.549251676625663,0.21973706972349288,120.93465605365085,20.418443685592433,293,592.2951721889267
2020-11-28 12:00:00+00:00,2020-11-28 16:00:00+00:00,17524.047097860486,2020-12-09 00:00:00+00:00,18316.780098002284,0.00462,15980.60301842876,15980.60301842876,,7.130711646974583,signal,0.16558462164488602,0.0662369393448934,3.496841839010216,0.49039170452136505,61,713.2298282425775
2020-12-12 08:00:00+00:00,2020-12-12 12:00:00+00:00,18513.50334034196,2020-12-12 16:00:00+00:00,18391.649520220537,0.00724,17524.871799456778,17524.871799456778,,7.157692356008703,signal,0.2671933067104725,0.10689005767909024,-1.149414964389564,-0.16058457212465396,1,716.7266700815877
2020-12-12 16:00:00+00:00,2020-12-12 20:00:00+00:00,18812.81270335996,2021-01-11 16:00:00+00:00,31570.186682940166,0.00715,17812.807701270187,17812.807701270187,,7.1500357649418795,signal,0.36023844561204593,0.14411554600151413,90.85498550838642,12.706927419002211,176,715.5772551171982
2021-01-11 20:00:00+00:00,2021-01-12 00:00:00+00:00,35424.53420800547,2021-01-17 08:00:00+00:00,34747.00550754293,0.00106,27881.480607659258,27881.480607659258,,7.995636816366985,signal,0.07438183209848132,0.029752822490288235,-0.7925622545887663,-0.0991243440380383,32,806.4322406255847
2021-01-17 12:00:00+00:00,2021-01-17 16:00:00+00:00,35742.76159522887,2021-01-18 04:00:00+00:00,35094.22647572495,0.00161,30744.700812492883,30744.700812492883,,8.04687786020494,signal,0.11404755079423566,0.04561954240130159,-1.1581890931955456,-0.14393024391773837,3,805.6396783709959
2021-01-18 04:00:00+00:00,2021-01-18 08:00:00+00:00,36114.99053904792,2021-01-20 00:00:00+00:00,35887.57892647011,0.00172,31450.069519271718,31450.069519271718,,8.023664154015067,signal,0.12384441948069101,0.04953877363383072,-0.5149923931145253,-0.06418419106647447,10,804.4814892778004
2021-01-29 08:00:00+00:00,2021-01-29 12:00:00+00:00,37038.63957510285,2021-01-29 20:00:00+00:00,34308.770932080275,0.00168,32273.40356527247,32273.40356527247,,8.005596496515032,signal,0.11986364965206767,0.04794492027791741,-4.706042969929989,-0.5878441377826882,2,803.966496884686
2021-01-30 16:00:00+00:00,2021-01-30 20:00:00+00:00,34300.21481650657,2021-01-31 04:00:00+00:00,33916.64760615136,0.00165,29482.00109839008,29482.00109839008,,7.950052634892202,signal,0.11255782299738559,0.04502389708609189,-0.7454437200834789,-0.09376588487122471,2,799.260453914756
2021-02-01 04:00:00+00:00,2021-02-01 08:00:00+00:00,33816.12126243007,2021-02-01 16:00:00+00:00,33146.73581293577,0.00201,29852.955223413002,29852.955223413002,,7.965963738424303,signal,0.13459534272148532,0.05383875348354734,-1.4800600962050368,-0.18579799567325145,2,798.5150101946725
2021-02-01 16:00:00+00:00,2021-02-01 20:00:00+00:00,33851.6656375929,2021-02-02 00:00:00+00:00,33503.68263812976,0.00207,30004.276720785143,30004.276720785143,,7.96409505779206,signal,0.1394255709307459,0.055772008888705524,-0.8597503798194452,-0.10795330462288576,1,797.0349500984676
2021-02-02 04:00:00+00:00,2021-02-02 08:00:00+00:00,34237.06972353669,2021-02-22 04:00:00+00:00,56400.35041901433,0.00225,30703.475674620273,30703.475674620273,,7.950586610061936,end,0.2039341953207398,0.08158343517531466,49.66344736950394,6.246513597707612,118,796.1751997186482
2021-02-22 08:00:00+00:00,2021-02-22 12:00:00+00:00,54536.80622049054,2021-02-22 12:00:00+00:00,49736.32730693367,0.00176,49756.22998163462,49756.22998163462,,8.413814180386424,stop,0.18352071500826667,0.073407655537026,-8.632363602868367,-1.0259750712098452,0,845.8386470881521
2021-02-22 12:00:00+00:00,2021-02-22 16:00:00+00:00,53257.9847456505,2021-02-23 08:00:00+00:00,47284.17260587096,0.0014,47303.093952427145,47303.093952427145,,8.3368471105127,stop,0.14075902029213005,0.05630252908935654,-8.504096015983492,-1.0200614096976652,4,837.2062834852837
2021-02-24 00:00:00+00:00,2021-02-24 04:00:00+00:00,50890.118059206216,2021-02-24 20:00:00+00:00,48940.34581721595,0.00099,42591.53322788551,42591.53322788551,,8.215598983007498,signal,0.09883215923765795,0.039532919570364686,-2.02910667880802,-0.2469821960644459,4,828.7021874693003
2021-02-25 00:00:00+00:00,2021-02-25 04:00:00+00:00,50227.05308691667,2021-02-25 20:00:00+00:00,49422.42291985684,0.00114,43004.47036661595,43004.47036661595,,8.233744301142826,signal,0.1136004026477218,0.045440590448196885,-1.0308787930959227,-0.12520170112069656,4,826.6730807904922
2021-03-03 08:00:00+00:00,2021-03-03 12:00:00+00:00,51686.496558825376,2021-03-04 04:00:00+00:00,49555.05975859609,0.00169,46814.28505966041,46814.28505966041,,8.234037433588789,signal,0.1710982301764423,0.06843959238748452,-3.7732264225639227,-0.4582474215106124,4,825.6422019973963
2021-03-07 04:00:00+00:00,2021-03-07 08:00:00+00:00,50061.8574742596,2021-03-08 08:00:00+00:00,49735.337483207346,0.00191,45779.020287939275,45779.020287939275,,8.18021902587183,signal,0.19061264236876185,0.07624718290981357,-0.814265825278568,-0.09954083413943617,6,821.8689755748323
2021-03-08 08:00:00+00:00,2021-03-08 12:00:00+00:00,50510.58659165492,2021-03-22 20:00:00+00:00,55502.779529906526,0.00195,46321.27769652007,46321.27769652007,,8.169152345512963,signal,0.20672606393704482,0.08269377040937179,9.528050165653596,1.1663450212049271,86,821.0547097495538
2021-03-24 08:00:00+00:00,2021-03-24 12:00:00+00:00,56558.69487304332,2021-03-24 16:00:00+00:00,56275.6002830166,0.00205,52521.087548970994,52521.087548970994,,8.277095014348275,signal,0.2313103050699229,0.09252590955477355,-0.8116542146246957,-0.09806027515906243,1,830.5827599152074
2021-03-29 08:00:00+00:00,2021-03-29 12:00:00+00:00,57877.28198894148,2021-04-07 12:00:00+00:00,56297.94149499501,0.00213,53995.60350590332,53995.60350590332,,8.26797516887129,signal,0.24319322602078475,0.0972781521059943,-3.6071884781267727,-0.43628438698119737,54,829.7711057005827
2021-04-08 04:00:00+00:00,2021-04-08 08:00:00+00:00,57046.44042099485,2021-04-08 12:00:00+00:00,56398.60056461914,0.00261,53887.19732197769,53887.19732197769,,8.245624488434778,signal,0.2960915569724525,0.11844142514059836,-1.9869535821130455,-0.2409706608516947,1,826.1639172224559
2021-04-08 12:00:00+00:00,2021-04-08 16:00:00+00:00,57792.10827218761,2021-04-18 00:00:00+00:00,54516.95160469093,0.00253,54538.76815109629,54538.76815109629,,8.230950506361049,stop,0.2841419214885027,0.11365979104020961,-8.570288290255093,-1.0412270470624014,56,824.1769636403428
2021-04-30 12:00:00+00:00,2021-04-30 16:00:00+00:00,57202.922288582915,2021-05-04 16:00:00+00:00,53781.018778230864,0.002,53129.67414128137,53129.67414128137,,8.14649629460309,signal,0.22196788213362756,0.08878702070409782,-7.065774902837731,-0.8673391170040404,24,815.6066753500877
2021-05-04 16:00:00+00:00,2021-05-04 20:00:00+00:00,54561.54625417554,2021-05-05 00:00:00+00:00,53183.76738419497,0.00197,50466.776160771056,50466.776160771056,,8.066697084006826,signal,0.21225826786758994,0.08490477386171806,-2.926482641729308,-0.36278573637423467,1,808.54090044725
2021-05-05 00:00:00+00:00,2021-05-05 04:00:00+00:00,54820.789929262886,2021-05-11 04:00:00+00:00,55120.38267430321,0.00182,50397.34046097025,50397.34046097025,,8.050678032292602,signal,0.20009293413849033,0.08003860402660778,0.34516586183490006,0.04287413562564329,36,805.6144178055207
2021-05-11 04:00:00+00:00,2021-05-11 08:00:00+00:00,55760.18565861647,2021-05-11 12:00:00+00:00,55188.38538886297,0.0017,51019.546360007924,51019.546360007924,,8.05908680763453,signal,0.18861257078071503,0.07544645858096119,-1.1606730293616607,-0.14402041534806803,1,805.9595836673557
2021-05-11 12:00:00+00:00,2021-05-11 16:00:00+00:00,56075.25148822998,2021-05-12 16:00:00+00:00,55456.93805386561,0.00174,51473.83887871547,51473.83887871547,,8.006457940555253,signal,0.19406600980324634,0.07762737579399401,-1.2699313855972605,-0.15861338372423775,6,804.798910637994
2021-06-03 04:00:00+00:00,2021-06-03 08:00:00+00:00,38650.22419278272,2021-06-04 08:00:00+00:00,36592.15709459059,0.00239,35294.22436930767,35294.22436930767,,8.020839578105383,signal,0.17982929127682223,0.07193206467920166,-5.098609655956011,-0.6356703193358672,6,803.5289792523968
2021-06-05 00:00:00+00:00,2021-06-05 04:00:00+00:00,37425.004509601626,2021-06-05 12:00:00+00:00,35855.071986451876,0.00238,34081.04317635008,34081.04317635008,,7.95862797313867,signal,0.17440658206060736,0.06976380509639785,-3.9108459871570176,-0.49139700968013517,2,798.4303695964408
2021-06-09 20:00:00+00:00,2021-06-10 00:00:00+00:00,37403.005464235495,2021-06-12 04:00:00+00:00,35558.61072117152,0.002,33450.16624679173,33450.16624679173,,7.9056784348875375,signal,0.14592323237081406,0.058369486127936396,-3.8347127184987784,-0.4850580187497,13,794.5195236092837
2021-06-13 16:00:00+00:00,2021-06-13 20:00:00+00:00,37665.060207920986,2021-06-18 16:00:00+00:00,36341.42743477798,0.0024,34372.61544794432,34372.61544794432,,7.901867423943998,signal,0.1776155703424775,0.07104665554321836,-3.354334225885708,-0.42449892486445756,29,790.684810890785
2021-06-29 08:00:00+00:00,2021-06-29 12:00:00+00:00,35569.86248385652,2021-06-30 04:00:00+00:00,35105.94162896308,0.0023,32158.11256242462,32158.11256242462,,7.847024819293373,signal,0.1625543494594851,0.06502296625490926,-1.2295723157143925,-0.15669280319991596,4,787.3304766648994
2021-07-03 04:00:00+00:00,2021-07-03 08:00:00+00:00,34513.330359916654,2021-07-05 12:00:00+00:00,33366.60767101834,0.00285,31758.02568680263,31758.02568680263,,7.852618318374967,signal,0.19345782338816475,0.07738516336019347,-3.4616174867483522,-0.4408233466088932,13,786.100904349185
2021-07-05 16:00:00+00:00,2021-07-05 20:00:00+00:00,34131.62770154591,2021-07-06 00:00:00+00:00,33676.67312147211,0.0034,31832.068167959544,31832.068167959544,,7.81850241419365,signal,0.23054822279826126,0.09222357225093146,-1.777393795049207,-0.2273317447370151,1,782.6392868624367
2021-07-06 00:00:00+00:00,2021-07-06 04:00:00+00:00,33934.259343195146,2021-07-08 04:00:00+00:00,33292.337319979175,0.00354,31729.527449439556,31729.527449439556,,7.804750903894794,signal,0.2379821521876371,0.09519776218454296,-2.5103861143721815,-0.3216484606983968,12,780.8618930673875
2021-07-11 12:00:00+00:00,2021-07-11 16:00:00+00:00,33962.260972363496,2021-07-12 12:00:00+00:00,33516.58723574184,0.00439,32192.59264774033,32192.59264774033,,7.768843945095692,signal,0.2962321436335824,0.1185025037690634,-2.252739847402637,-0.28997105146187735,5,778.3515069530154
2021-07-23 00:00:00+00:00,2021-07-23 04:00:00+00:00,32605.24775321867,2021-07-23 12:00:00+00:00,32283.59051884259,0.00411,30718.349495860977,30718.349495860977,,7.755151837740122,signal,0.2666931252981718,0.10668423328569304,-1.5887043585838683,-0.20485793080833117,2,776.0987671056128
2021-07-23 20:00:00+00:00,2021-07-24 00:00:00+00:00,33647.55412430521,2021-08-24 12:00:00+00:00,48291.41405759064,0.00404,31734.857713176083,31734.857713176083,,7.727293500961666,end,0.33103343145485925,0.13243146952683804,58.83016069901831,7.613294446716287,187,774.5100627470289
2021-08-24 16:00:00+00:00,2021-08-24 20:00:00+00:00,48262.49820609436,2021-08-26 08:00:00+00:00,46872.9924622207,0.00486,46549.5861618706,46549.5861618706,,8.324752534927486,signal,0.4623584846480112,0.1849509152259768,-7.2153563998739685,-0.8667352416304371,9,833.3402234460473
2021-08-27 04:00:00+00:00,2021-08-27 08:00:00+00:00,47498.763807979885,2021-08-31 00:00:00+00:00,46964.11575133626,0.00443,45637.36109432003,45637.36109432003,,8.246014021513158,signal,0.4184705564477706,0.16740109093127561,-2.7869614473790136,-0.3379768018958087,22,826.1248670461733
2021-08-31 04:00:00+00:00,2021-08-31 08:00:00+00:00,47780.36578476418,2021-08-31 16:00:00+00:00,47378.170031553,0.00489,46096.79144968225,46096.79144968225,,8.232678498550655,signal,0.4653252401417911,0.18614153320263455,-2.432062473344473,-0.29541569900642084,2,823.3379055987944
2021-09-01 08:00:00+00:00,2021-09-01 12:00:00+00:00,47732.38695150818,2021-09-01 16:00:00+00:00,47469.502787584934,0.00518,46149.75040227657,46149.75040227657,,8.198057325019734,signal,0.49314578884850235,0.19727596912241321,-1.8548857579709193,-0.22625918366171638,1,820.9058431254498
2021-09-01 16:00:00+00:00,2021-09-01 20:00:00+00:00,48166.50962932038,2021-09-07 12:00:00+00:00,46452.97645437491,0.00483,46471.56556391149,46471.56556391149,,8.186579835924926,stop,0.4570121177842483,0.1828094086791307,-8.733377352770873,-1.0667919360471454,34,819.0509573674789
2021-09-15 12:00:00+00:00,2021-09-15 16:00:00+00:00,48307.30620271158,2021-09-16 04:00:00+00:00,47596.02230988957,0.00449,46502.72684143056,46502.72684143056,,8.102561332151797,signal,0.43060594502157923,0.17225387877082401,-3.6242706237924267,-0.4472993754963567,3,810.317580014708
2021-09-16 04:00:00+00:00,2021-09-16 08:00:00+00:00,48362.85895397343,2021-09-16 20:00:00+00:00,47411.02612738225,0.00464,46626.832129797374,46626.832129797374,,8.055164464176894,signal,0.44439082677749037,0.17777151538310923,-4.860895142160587,-0.6034507630201801,3,806.6933093909156
2021-09-17 00:00:00+00:00,2021-09-17 04:00:00+00:00,47918.99242561645,2021-09-17 08:00:00+00:00,47700.639760945756,0.00466,46201.794440980586,46201.794440980586,,8.002142608403142,signal,0.4455874859893799,0.17825741736544995,-1.4631109033548455,-0.1828398936327898,1,801.832414248755
2021-09-18 00:00:00+00:00,2021-09-18 04:00:00+00:00,47943.74238056755,2021-09-19 12:00:00+00:00,47308.79702714019,0.00482,46284.47951530702,46284.47951530702,,7.997647010555728,signal,0.4591172399451513,0.1836678035199086,-3.5195538434650757,-0.44007366651963736,8,800.3693033454001
2021-10-01 04:00:00+00:00,2021-10-01 08:00:00+00:00,44806.33638592718,2021-10-27 00:00:00+00:00,60304.677526377985,0.00381,42716.35456548328,42716.35456548328,,7.962830735891248,signal,0.4004729630058827,0.1602061548824198,58.648206782111686,7.3652459442298355,154,796.8497495019351
2021-10-27 00:00:00+00:00,2021-10-27 04:00:00+00:00,60738.617478672415,2021-10-27 08:00:00+00:00,59926.00895270389,0.00383,58507.51244592121,58507.51244592121,,8.545132275437116,signal,0.4621455192321713,0.1848684544594471,-3.5744361736916233,-0.4183008593051624,1,855.4979562840467
2021-10-28 08:00:00+00:00,2021-10-28 12:00:00+00:00,60985.005156177074,2021-10-28 16:00:00+00:00,58514.93608798788,0.00348,58538.35259954949,58538.35259954949,,8.51435089706399,stop,0.41585979552969404,0.16634980373062047,-9.01170015282807,-1.0584130560012015,1,851.9235201103551
2021-10-28 16:00:00+00:00,2021-10-28 20:00:00+00:00,61313.386150116654,2021-10-29 00:00:00+00:00,60551.66877378032,0.00305,58556.049200779606,58556.049200779606,,8.409877695477999,signal,0.3716884175178858,0.14867949782580803,-2.694926415343673,-0.320447753573484,1,842.911819957527
2021-10-29 00:00:00+00:00,2021-10-29 04:00:00+00:00,61667.638343117826,2021-10-29 08:00:00+00:00,60545.580816478694,0.00285,58727.784953128226,58727.784953128226,,8.378582161470357,signal,0.3483076746048501,0.1393294509215091,-3.546171625526398,-0.423242448087909,1,840.2168935421834
2021-10-29 12:00:00+00:00,2021-10-29 16:00:00+00:00,62324.910841337725,2021-10-30 16:00:00+00:00,61352.64808755073,0.00287,59415.677197822,59415.677197822,,8.349500556890128,signal,0.3549545941259099,0.14198680336866484,-3.145348697494569,-0.37671099918653006,6,836.6707219166569
2021-10-30 16:00:00+00:00,2021-10-30 20:00:00+00:00,61755.53474784278,2021-10-31 08:00:00+00:00,61338.05310537936,0.00336,59277.20802670714,59277.20802670714,,8.327177783015738,signal,0.41359445518682647,0.1654519186770951,-1.8163327738639055,-0.21812105147659155,3,833.5253732191624
2021-11-01 04:00:00+00:00,2021-11-01 08:00:00+00:00,62201.16152156542,2021-11-01 16:00:00+00:00,61526.25819392649,0.00324,59637.09072525967,59637.09072525967,,8.30758938003061,signal,0.4008768398781938,0.16035838155010135,-2.5875636214283304,-0.3114698504054851,2,831.7090404452985
2021-11-02 08:00:00+00:00,2021-11-02 12:00:00+00:00,62938.46615226851,2021-11-03 16:00:00+00:00,60435.76606534316,0.00334,60459.950997382526,60459.950997382526,,8.278240617319199,stop,0.41206993560682303,0.1648326215883078,-8.771088225937518,-1.0595353084551826,7,829.1214768238701
2021-11-03 16:00:00+00:00,2021-11-03 20:00:00+00:00,62825.11085562707,2021-11-04 08:00:00+00:00,61829.03653444195,0.00321,60274.32908940559,60274.32908940559,,8.188009469570956,signal,0.40013981312212155,0.1600644710042452,-3.597538384126352,-0.43936666139625996,3,820.3503885979326
2021-11-05 00:00:00+00:00,2021-11-05 04:00:00+00:00,62228.67356314256,2021-11-05 12:00:00+00:00,61235.12434548442,0.00352,59910.16723959957,59910.16723959957,,8.161142258871324,signal,0.434592568638367,0.17385004615663785,-3.931885814795038,-0.4817813107621056,2,816.7528502138061
2021-11-07 00:00:00+00:00,2021-11-07 04:00:00+00:00,62157.885614443665,2021-11-16 04:00:00+00:00,60883.03640844553,0.00423,60238.940780209254,60238.940780209254,,8.117136648811572,signal,0.5204631001568214,0.2081972413721277,-5.913075241528929,-0.7284681159574493,54,812.820964399011
2021-12-01 12:00:00+00:00,2021-12-01 16:00:00+00:00,58637.93668150739,2021-12-01 20:00:00+00:00,57404.93781730257,0.00322,56136.771904468784,56136.771904468784,,8.053750582064307,signal,0.3736580558861681,0.1494687427395358,-4.343914398625685,-0.5393653993084386,1,806.907889157482
2021-12-21 04:00:00+00:00,2021-12-21 08:00:00+00:00,48599.20294884968,2021-12-23 08:00:00+00:00,48110.355310368956,0.004,46596.37736025684,46596.37736025684,,8.01130235437134,signal,0.3868382330368746,0.15475055392290232,-2.3422287869597653,-0.2923655459941212,12,802.5639747588563
2021-12-23 08:00:00+00:00,2021-12-23 12:00:00+00:00,48374.10503237831,2021-12-28 20:00:00+00:00,47670.38298442977,0.005,46776.027684941146,46776.027684941146,,7.990386737185828,signal,0.48022244008404047,0.19211023974268754,-3.998832679826762,-0.5004554612127735,32,800.2217459718966
2022-01-20 12:00:00+00:00,2022-01-20 16:00:00+00:00,43326.02464683159,2022-01-20 20:00:00+00:00,41932.50673087119,0.00578,41949.288260582616,41949.288260582616,,7.9575363125190846,stop,0.49279431136312213,0.197133700418658,-8.54732786561425,-1.0741173561680497,1,796.2229132920698
2022-02-01 12:00:00+00:00,2022-02-01 16:00:00+00:00,38645.77323888912,2022-02-01 20:00:00+00:00,38362.74744365352,0.00507,37092.82109656768,37092.82109656768,,7.8734673615697375,signal,0.3904331998604912,0.1561853818445072,-1.8253739817049563,-0.23183864209745458,1,787.6755854264555
2022-02-01 20:00:00+00:00,2022-02-02 00:00:00+00:00,38710.07085917492,2022-02-02 08:00:00+00:00,38266.82453781314,0.00511,37174.17008339775,37174.17008339775,,7.84845296422132,signal,0.393351935478609,0.15736920215871658,-2.658340637637309,-0.3387088703666653,2,785.8502114447506
2022-02-02 08:00:00+00:00,2022-02-02 12:00:00+00:00,38505.3991545069,2022-02-02 16:00:00+00:00,37414.80709553321,0.00563,37115.51614999435,37115.51614999435,,7.82504131540565,signal,0.42743076118772577,0.17099469202188206,-6.5674640532096475,-0.8392880993841999,1,783.1918708071132
2022-02-04 04:00:00+00:00,2022-02-04 08:00:00+00:00,37884.458978167,2022-02-17 20:00:00+00:00,41187.73732965042,0.00529,36417.78217288658,36417.78217288658,,7.758720299933413,signal,0.41829191846835423,0.1673314206527122,17.05605056087896,2.198307182310121,81,776.6244067539036
2022-02-28 16:00:00+00:00,2022-02-28 20:00:00+00:00,41345.9722658728,2022-03-04 16:00:00+00:00,40678.04175841795,0.00349,39071.90683216486,39071.90683216486,,7.936488363640698,signal,0.28626380894477477,0.11450867101740522,-2.6173412799622042,-0.3297858145868375,23,793.6804573147825
2022-03-09 00:00:00+00:00,2022-03-09 04:00:00+00:00,41234.217607150495,2022-03-10 04:00:00+00:00,39047.100179223824,0.00364,39062.72577930444,39062.72577930444,,7.90423025335964,stop,0.2922239967424025,0.11689207432123454,-8.253331434395477,-1.044166372922582,6,791.0631160348204
2022-03-14 20:00:00+00:00,2022-03-15 00:00:00+00:00,39687.239696194454,2022-03-15 04:00:00+00:00,38752.90135720352,0.00499,38118.88560407555,38118.88560407555,,7.826086919673331,signal,0.39141630385645587,0.1565779115647744,-5.0537646154212155,-0.6457588150109844,1,782.8097846004249
2022-03-15 16:00:00+00:00,2022-03-15 20:00:00+00:00,39751.60531326837,2022-03-16 00:00:00+00:00,39264.61651998966,0.00484,38144.8502011776,38144.8502011776,,7.776694742519309,signal,0.3824385136729688,0.15298655946896733,-2.7394642731419196,-0.3522658872237607,1,777.7560199850037
2022-03-16 04:00:00+00:00,2022-03-16 08:00:00+00:00,39596.84354174068,2022-04-07 00:00:00+00:00,43153.200227176705,0.00416,37737.02172641145,37737.02172641145,,7.736858751769606,signal,0.34424018207869633,0.13770978858613175,14.450203629335164,1.8677093757243601,130,775.0165557118618
2022-04-07 08:00:00+00:00,2022-04-07 12:00:00+00:00,43784.25865320735,2022-04-07 16:00:00+00:00,43314.48598597335,0.00525,42281.64998264138,42281.64998264138,,7.888695520471324,signal,0.4572684093556987,0.182924002978496,-2.9235749123342316,-0.3706030870056394,1,789.466759341197
2022-05-30 08:00:00+00:00,2022-05-30 12:00:00+00:00,30677.6475361781,2022-06-01 20:00:00+00:00,30114.658982772617,0.00844,29745.80188368704,29745.80188368704,,7.8647773070245695,signal,0.5130870670199441,0.20524859074227497,-5.264710457762277,-0.6694036273678092,14,786.5431844288627
2022-06-02 08:00:00+00:00,2022-06-02 12:00:00+00:00,30185.73090607401,2022-06-03 12:00:00+00:00,29746.2958685038,0.00698,29067.658077310563,29067.658077310563,,7.804148344768876,signal,0.4183255468865532,0.16734576224008896,-3.4855821091265966,-0.4466319648399538,6,781.2784739711004
2022-06-04 12:00:00+00:00,2022-06-04 16:00:00+00:00,29870.735502101372,2022-06-04 20:00:00+00:00,29643.5444262837,0.00844,28950.181005027847,28950.181005027847,,7.769479955300555,signal,0.50230052259557,0.2009654799011341,-2.41979320249672,-0.31144854178378695,1,777.7928918619738
2022-06-04 20:00:00+00:00,2022-06-05 00:00:00+00:00,29875.979248671556,2022-06-05 04:00:00+00:00,29755.038363721607,0.00885,29000.244197623466,29000.244197623466,,7.750255201775609,signal,0.5277345058696795,0.21116883180706247,-1.598061337676711,-0.20619467308774425,1,775.3730986594771
2022-06-05 12:00:00+00:00,2022-06-05 16:00:00+00:00,29984.22297515529,2022-06-07 04:00:00+00:00,29551.78412960294,0.00996,29208.103144017627,29208.103144017627,,7.7301535181311465,signal,0.592978630763392,0.23723570170142877,-4.9000695324648404,-0.6338903258482101,9,773.7750373218005
2022-06-07 16:00:00+00:00,2022-06-07 20:00:00+00:00,31072.134546940844,2022-06-10 00:00:00+00:00,29815.017444150908,0.00617,29826.949977545355,29826.949977545355,,7.682788793170159,stop,0.37567372778503616,0.1502831856687533,-8.132086251998942,-1.0584810374102955,13,768.8749677893356
2022-06-10 00:00:00+00:00,2022-06-10 04:00:00+00:00,30126.42638513435,2022-06-10 16:00:00+00:00,29442.73781582192,0.00648,28954.213980900757,28954.213980900757,,7.595936379433683,signal,0.3860081840221966,0.1544091291445278,-4.816310113166708,-0.6340640406371846,3,760.7428815373366
2022-07-07 12:00:00+00:00,2022-07-07 16:00:00+00:00,20896.795845499426,2022-07-11 20:00:00+00:00,20027.619505737144,0.00877,20035.634160229016,20035.634160229016,,7.552387979821506,stop,0.35890712263034474,0.14356928492369098,-7.981583622345539,-1.056829130557217,25,755.9265714241699
2022-07-14 16:00:00+00:00,2022-07-14 20:00:00+00:00,20616.603536277173,2022-07-26 08:00:00+00:00,21058.432913041965,0.00718,19575.029060212037,19575.029060212037,,7.478504738147669,signal,0.2992267617061114,0.11969507482879373,2.873108163465105,0.3841821679686115,69,747.9449878018243
2022-07-26 20:00:00+00:00,2022-07-27 00:00:00+00:00,21263.172166495817,2022-07-27 04:00:00+00:00,21068.42887043323,0.00804,20330.220838000434,20330.220838000434,,7.500928681102872,signal,0.34034607233690956,0.13614370034322898,-1.9060821726801294,-0.2541128243869498,1,750.8180959652893
2022-07-27 04:00:00+00:00,2022-07-27 08:00:00+00:00,21354.648837883808,2022-08-17 20:00:00+00:00,23267.579003106875,0.00839,20462.1374372934,20462.1374372934,,7.48817065095351,signal,0.3743804915859118,0.14976011377845067,15.67510359463563,2.0933154872264605,129,748.9120137926092
2022-08-17 20:00:00+00:00,2022-08-18 00:00:00+00:00,23351.997626097695,2022-08-18 20:00:00+00:00,23335.541630366522,0.00991,22580.95732008268,22580.95732008268,,7.641009432608783,signal,0.46267351403156043,0.18507911769592755,-0.6257524317274772,-0.0818939483384244,5,764.5871173872447
2022-09-10 16:00:00+00:00,2022-09-10 20:00:00+00:00,21587.731852455065,2022-09-13 12:00:00+00:00,20856.136977507704,0.01056,20864.4829274415,20864.4829274415,,7.6375086481432595,stop,0.4482072548444068,0.17928559322637388,-8.173849134288503,-1.0702245340534746,16,763.9613649555172
2022-09-27 00:00:00+00:00,2022-09-27 04:00:00+00:00,20107.0797140416,2022-09-27 16:00:00+00:00,19879.824802228508,0.00981,19336.99848014747,19336.99848014747,,7.554496904501402,signal,0.39227153330460973,0.1569100848864115,-2.6216422181910843,-0.34703068269562193,3,755.7875158212287
2022-10-04 04:00:00+00:00,2022-10-04 08:00:00+00:00,19975.67733001991,2022-10-07 16:00:00+00:00,19569.508912937283,0.0129,19392.024135752537,19392.024135752537,,7.52912620604908,signal,0.5101329025341478,0.20405758036590121,-5.749705482900055,-0.7636617218981672,20,753.1658736030377
2022-10-14 00:00:00+00:00,2022-10-14 04:00:00+00:00,19824.77692722037,2022-10-14 08:00:00+00:00,19634.342876097373,0.01287,19244.125730435968,19244.125730435968,,7.472980902615254,signal,0.5078388718686994,0.20314073795299442,-2.958725109821671,-0.39592301229971455,1,747.4161681201376
2022-10-17 08:00:00+00:00,2022-10-17 12:00:00+00:00,19465.363457811636,2022-10-18 16:00:00+00:00,19367.95945914978,0.018,19051.946525323077,19051.946525323077,,7.441504784794034,signal,0.6989998125053055,0.27961197591335074,-2.4522717884186704,-0.3295397717716504,7,744.457443010316
2022-10-23 16:00:00+00:00,2022-10-23 20:00:00+00:00,19508.180638715232,2022-10-24 08:00:00+00:00,19314.670531306314,0.02375,19195.887050631853,19195.887050631853,,7.416972716980291,signal,0.9220427152880117,0.36884005096181227,-5.5179077662497775,-0.7439568644518773,3,742.0051712218973
2022-10-24 08:00:00+00:00,2022-10-24 12:00:00+00:00,19430.669715774788,2022-10-24 16:00:00+00:00,19294.23891656433,0.02208,19097.11936672102,19097.11936672102,,7.36479170710713,signal,0.8550459826020478,0.34203684656687544,-3.8674380291690227,-0.5251252422301217,1,736.4872634556475
2022-10-24 16:00:00+00:00,2022-10-24 20:00:00+00:00,19351.688174348106,2022-10-25 00:00:00+00:00,19322.866830372706,0.02061,18996.235067255828,18996.235067255828,,7.325888537171829,signal,0.797082578647296,0.3188643993329478,-1.391090477980299,-0.18988692919935304,1,732.6198254264784
2022-10-25 12:00:00+00:00,2022-10-25 16:00:00+00:00,19756.379613782072,2022-11-08 04:00:00+00:00,19374.10986327058,0.01952,19381.86282893868,19381.86282893868,,7.310567640143026,stop,0.7638271545920678,0.30553835086736125,-8.225732684576428,-1.125183855684221,81,731.2287349484982
2022-12-08 16:00:00+00:00,2022-12-08 20:00:00+00:00,17258.220875589453,2022-12-12 00:00:00+00:00,16935.15736979549,0.02285,16941.934663823675,16941.934663823675,,7.22713993884806,stop,0.7813186929070459,0.31254617576308263,-8.163319800299178,-1.1295367004613912,19,723.0030022639218
2022-12-12 00:00:00+00:00,2022-12-12 04:00:00+00:00,16925.45793685932,2022-12-16 20:00:00+00:00,16698.973422419225,0.03252,16705.65627604967,16705.65627604967,,7.147950009529735,stop,1.0934665078037384,0.4374197067271739,-8.458742917395625,-1.1833802567335145,28,714.8396824636226
2022-12-20 12:00:00+00:00,2022-12-20 16:00:00+00:00,16924.917547876208,2022-12-21 08:00:00+00:00,16809.452843530045,0.01834,16539.76811269577,16539.76811269577,,7.063640641209271,signal,0.6186883529783906,0.24749287770860368,-2.736311030687034,-0.3873797054062177,4,706.380939546227
2022-12-21 08:00:00+00:00,2022-12-21 12:00:00+00:00,16885.22217552421,2022-12-21 20:00:00+00:00,16749.496873535714,0.0209,16548.59988771918,16548.59988771918,,7.03540581512509,signal,0.7029656281253525,0.28121581155954956,-3.5396244396849283,-0.5031158873700299,2,703.6446285155399
2022-12-22 00:00:00+00:00,2022-12-22 04:00:00+00:00,16859.181957559584,2022-12-22 08:00:00+00:00,16819.498556914194,0.02254,16548.61817366747,16548.61817366747,,7.000107688928236,signal,0.759117458796239,0.30369045054711175,-1.6535813093432807,-0.23622226726007056,1,700.105004075855
2022-12-23 04:00:00+00:00,2022-12-23 08:00:00+00:00,16855.19045602534,2022-12-23 16:00:00+00:00,16825.41674007987,0.0245,16570.203146369844,16570.203146369844,,6.982189086559627,signal,0.8251748763045776,0.3301060406640336,-1.5546309169686197,-0.22265666221517952,2,698.4514227665118
2022-12-26 20:00:00+00:00,2022-12-27 00:00:00+00:00,16926.15925726101,2022-12-27 04:00:00+00:00,16870.068102619374,0.03921,16748.467072207386,16748.467072207386,,6.967310575952577,signal,1.3251500747809102,0.5301644734985398,-3.524484248279464,-0.5058600746813405,1,696.8967918495432
2023-01-06 16:00:00+00:00,2023-01-06 20:00:00+00:00,16947.186856813336,2023-02-10 16:00:00+00:00,21644.088429869655,0.0348,16747.991866636497,16747.991866636497,,6.931985658153915,signal,1.3429763799765682,0.5372572576401129,162.10919836238338,23.38567999945276,209,693.3723076012637
2023-02-10 16:00:00+00:00,2023-02-10 20:00:00+00:00,21780.969166024057,2023-02-11 00:00:00+00:00,21616.539575371287,0.01433,21184.155035863976,21184.155035863976,,8.552346485193969,signal,0.6218863002641953,0.2487629340541918,-2.978162334318313,-0.3482275115343117,1,855.4815059636471
2023-02-15 08:00:00+00:00,2023-02-15 12:00:00+00:00,22453.258096031255,2023-02-23 08:00:00+00:00,23770.687447433924,0.01669,21942.710342713905,21942.710342713905,,8.521042002866599,end,0.7714776511204339,0.30860892508949356,21.21641822379013,2.489885417376493,47,852.5033436293288
2023-02-23 12:00:00+00:00,2023-02-23 16:00:00+00:00,23961.410798006007,2023-02-24 20:00:00+00:00,23172.997013958462,0.00634,22583.750434177717,22583.750434177717,,8.734366706671368,signal,0.29883214552785475,0.11953299086142732,-5.297375536389296,-0.6064979539207033,7,873.7197618531189
2023-02-26 08:00:00+00:00,2023-02-26 12:00:00+00:00,23262.74175376598,2023-02-28 08:00:00+00:00,23226.335389583728,0.00904,22302.614188509193,22302.614188509193,,8.67955318992134,signal,0.4202612573758813,0.16811113220756463,-0.7493747895834133,-0.08633794542023017,11,868.4223863167297
2023-02-28 08:00:00+00:00,2023-02-28 12:00:00+00:00,23401.317113541358,2023-02-28 20:00:00+00:00,23254.074450038865,0.00928,22467.051401587072,22467.051401587072,,8.669985806935786,signal,0.4329620337100245,0.1731895173031534,-1.799373951013166,-0.20754058784891077,2,867.6730115271462
2023-03-01 00:00:00+00:00,2023-03-01 04:00:00+00:00,23449.74636937715,2023-03-03 00:00:00+00:00,22461.339338368492,0.00884,22470.327783914676,22470.327783914676,,8.658060295488267,stop,0.40585399765647157,0.16234496392227304,-9.14337215177298,-1.0560531850924633,11,865.873637576133
2023-03-13 12:00:00+00:00,2023-03-13 16:00:00+00:00,23991.312714192565,2023-04-20 16:00:00+00:00,28495.296970438725,0.00456,22114.520858266354,22114.520858266354,,8.55817086302352,signal,0.2393389401619187,0.09574059151750872,20.298829268320574,2.3718653896037303,227,856.7302654243599
2023-04-26 08:00:00+00:00,2023-04-26 12:00:00+00:00,28963.891413697744,2023-04-26 16:00:00+00:00,27732.305868659678,0.00718,27743.403544754077,27743.403544754077,,8.763102899015522,stop,0.4070786964873263,0.1628358647075788,-9.249862909860639,-1.0555465360220524,1,877.0290946926805
2023-04-27 00:00:00+00:00,2023-04-27 04:00:00+00:00,28897.334585039593,2023-05-01 04:00:00+00:00,28549.645193433345,0.00426,26860.902864535114,26860.902864535114,,8.675199129349076,signal,0.2447241338562947,0.09789220824261691,-1.725880942098911,-0.1989442451251731,24,867.7792317828199
2023-05-03 20:00:00+00:00,2023-05-04 00:00:00+00:00,29037.77110834287,2023-05-06 16:00:00+00:00,28565.18884986376,0.00634,27673.19973160428,27673.19973160428,,8.651382528522664,signal,0.36520276613503,0.14608791875754834,-3.361374284892605,-0.3885360835462449,16,866.053350840721
2023-05-07 04:00:00+00:00,2023-05-07 08:00:00+00:00,28921.98717859279,2023-05-07 12:00:00+00:00,28828.53146807057,0.00742,27759.812672842003,27759.812672842003,,8.62333483267085,signal,0.4285088483582422,0.17144437207487806,-1.1219502204331206,-0.13010630367528317,1,862.6919765558284
2023-05-07 12:00:00+00:00,2023-05-07 16:00:00+00:00,28954.239190738554,2023-05-08 00:00:00+00:00,28418.716252645598,0.00777,27846.60683629017,27846.60683629017,,8.606303394063943,signal,0.4457878637950949,0.17834432898226948,-4.606801092777403,-0.5352822090788559,2,861.5700263353954
2023-05-28 20:00:00+00:00,2023-05-29 00:00:00+00:00,28076.237170930683,2023-05-29 16:00:00+00:00,27619.445991393422,0.00993,27213.258977171372,27213.258977171372,,8.56937346402994,signal,0.5530581338018784,0.22125211280500945,-5.088994546606898,-0.5938584154335227,4,856.963225242618
2023-05-29 20:00:00+00:00,2023-05-30 00:00:00+00:00,27747.488582273065,2023-05-30 16:00:00+00:00,27662.00933641483,0.0098,26878.24546447654,26878.24546447654,,8.518582554405956,signal,0.5430130796031414,0.21725860941071806,-1.3807096890138837,-0.1620820929063788,4,851.8742306960112
2023-05-30 16:00:00+00:00,2023-05-30 20:00:00+00:00,27861.352371341658,2023-05-31 04:00:00+00:00,27646.224228148098,0.00949,26965.821259423956,26965.821259423956,,8.498590252098982,signal,0.5267669019291579,0.21075527890690468,-2.5683329808360327,-0.3022069431105595,2,850.4935210069973
2023-06-18 16:00:00+00:00,2023-06-18 20:00:00+00:00,26660.675108532316,2023-06-19 00:00:00+00:00,26329.44169731188,0.01083,25878.443826936033,25878.443826936033,,8.471564779687757,signal,0.5738829650072925,0.2296329435173466,-4.161140808524635,-0.49118916242035815,1,847.9251880261613
2023-06-19 16:00:00+00:00,2023-06-19 20:00:00+00:00,26692.96371783025,2023-07-18 20:00:00+00:00,29704.091560306362,0.00997,25847.199092047136,25847.199092047136,,8.43227331905764,signal,0.5622786411230221,0.22494471051315773,29.45866594836383,3.4935615620742264,174,843.7640472176366
2023-07-18 20:00:00+00:00,2023-07-19 00:00:00+00:00,29871.089998624993,2023-07-20 00:00:00+00:00,29897.241565557044,0.01015,29011.221418790086,29011.221418790086,,8.727666085324314,signal,0.6066485653764476,0.24277209563968316,-0.34121016101613577,-0.03909523550515815,6,873.2227131660005
2023-07-20 00:00:00+00:00,2023-07-20 04:00:00+00:00,29959.98594891738,2023-07-20 16:00:00+00:00,29798.244567849062,0.01103,29168.622881830768,29168.622881830768,,8.728734629965308,signal,0.6591332825999339,0.2637425331835219,-2.4431407157834997,-0.2798963216725962,3,872.8815030049843
2023-08-08 16:00:00+00:00,2023-08-08 20:00:00+00:00,29896.185220466992,2023-08-09 04:00:00+00:00,29704.11001672909,0.01377,29264.31903097708,29264.31903097708,,8.70079742927609,signal,0.8206960654161901,0.3283484554709232,-3.46557162088709,-0.39830505756015827,2,870.4383622892008
2023-08-09 04:00:00+00:00,2023-08-09 08:00:00+00:00,29829.94124061959,2023-08-09 20:00:00+00:00,29404.44134596086,0.01248,29135.441642110356,29135.441642110356,,8.667354989395239,signal,0.739245094680524,0.2957746853409964,-6.049483780021433,-0.6979619258035643,3,866.9727906683137
2023-09-14 12:00:00+00:00,2023-09-14 16:00:00+00:00,26704.648410995364,2023-09-15 00:00:00+00:00,26512.116990743787,0.00886,25732.995876780493,25732.995876780493,,8.608841453143738,signal,0.4715005414594089,0.18864198342895355,-2.1773289248884,-0.2529177632947686,2,860.9233068882922
2023-09-15 00:00:00+00:00,2023-09-15 04:00:00+00:00,26626.050353654624,2023-09-15 12:00:00+00:00,26414.597452829836,0.00929,25702.4372604804,25702.4372604804,,8.580365635588537,signal,0.49274761812224066,0.19716074866225292,-2.4571450667845056,-0.2863683403645499,2,858.7459779634038
2023-09-15 20:00:00+00:00,2023-09-16 00:00:00+00:00,26610.632128087145,2023-09-25 00:00:00+00:00,26237.887512156558,0.0095,25710.209969362473,25710.209969362473,,8.554010507884371,signal,0.5020609365823152,0.20087385134055874,-4.043134787922895,-0.47265955357387884,54,856.2888328966193
2023-09-25 16:00:00+00:00,2023-09-25 20:00:00+00:00,26342.376125174345,2023-09-26 08:00:00+00:00,26261.48130906758,0.0146,25758.86848379493,25758.86848379493,,8.519211564139495,signal,0.7680163185399322,0.3074003151587487,-1.9490806336986566,-0.22878650436421327,3,852.2456981086964
2023-09-27 08:00:00+00:00,2023-09-27 12:00:00+00:00,26777.39849083797,2023-09-27 12:00:00+00:00,26160.644289800613,0.01402,26171.11446997811,26171.11446997811,,8.500101972455226,stop,0.742191359784553,0.2969249676368918,-9.389085258328294,-1.1045850142449865,0,850.2966174749977
2023-09-27 12:00:00+00:00,2023-09-27 16:00:00+00:00,26314.942912327446,2023-09-27 20:00:00+00:00,26257.29934744388,0.01186,25606.117750100435,25606.117750100435,,8.406666424012363,signal,0.6235067932008881,0.2494580795191169,-1.3071594727200022,-0.15549082202028383,1,840.9075322166693
2023-09-27 20:00:00+00:00,2023-09-28 00:00:00+00:00,26383.555142635047,2023-10-11 16:00:00+00:00,26768.736370044375,0.01225,25698.357681327063,25698.357681327063,,8.393668901022815,signal,0.6511155710303229,0.26054246423573935,4.067354464733967,0.4845740894352334,82,839.6003727439493
2023-10-11 20:00:00+00:00,2023-10-12 00:00:00+00:00,26886.275617805448,2023-10-12 08:00:00+00:00,26799.930508675254,0.01084,26108.426141493583,26108.426141493583,,8.431888323220628,signal,0.5819584744110509,0.232898582971297,-1.517939457382397,-0.18002366720182172,2,843.6677272086831
2023-10-13 04:00:00+00:00,2023-10-13 08:00:00+00:00,26885.74639350664,2023-10-13 12:00:00+00:00,26810.17705193725,0.01271,26223.36800354972,26223.36800354972,,8.418829336352458,signal,0.6824751869915919,0.2731295313469184,-1.6429615183385522,-0.19515320393112776,1,842.1497877513007
2023-10-14 00:00:00+00:00,2023-10-14 04:00:00+00:00,26941.550215281433,2023-10-14 08:00:00+00:00,26858.04616956895,0.0127,26279.842535032367,26279.842535032367,,8.403687539163156,signal,0.6832548740875999,0.2734823805485459,-1.743756254636196,-0.20749893978207573,1,840.5068262329621
2023-10-14 12:00:00+00:00,2023-10-14 16:00:00+00:00,26953.34987934389,2023-10-14 20:00:00+00:00,26853.532423541266,0.0145,26375.227618590536,26375.227618590536,,8.382772780923629,signal,0.7801997933918348,0.3124381091380146,-2.227552902529851,-0.2657298439006974,1,838.7630699783259
2023-10-15 16:00:00+00:00,2023-10-15 20:00:00+00:00,27054.576059823004,2024-01-03 20:00:00+00:00,42579.61913936651,0.01754,26577.86810366133,26577.86810366133,,8.36145755107573,signal,1.221383783793784,0.4887857848070319,271.08787183139924,32.42112636169789,480,836.5355170757961
2024-01-03 20:00:00+00:00,2024-01-04 00:00:00+00:00,42862.36956368076,2024-01-13 00:00:00+00:00,42765.62650671698,0.0042,40229.14003473212,40229.14003473212,,11.059564021584288,signal,0.35963758349567054,0.14386283924785384,-0.7659584227435232,-0.06925756035668748,54,1107.6233889071952
2024-01-29 16:00:00+00:00,2024-01-29 20:00:00+00:00,43013.18973344923,2024-01-31 12:00:00+00:00,42630.918359296804,0.00703,41440.868316320324,41440.868316320324,,11.053419562416215,signal,0.6020780798920047,0.24085746029160282,-3.289445840183589,-0.2975953117140642,10,1106.8574304844517
2024-01-31 12:00:00+00:00,2024-01-31 16:00:00+00:00,43378.45620874031,2024-02-01 00:00:00+00:00,42562.96655071891,0.00655,41694.7678886317,41694.7678886317,,11.028158496711379,signal,0.5629163190744579,0.22518676004014782,-5.904373579114576,-0.5353907074218487,2,1103.567984644268
2024-02-01 16:00:00+00:00,2024-02-01 20:00:00+00:00,43236.22912452213,2024-02-04 08:00:00+00:00,42827.88642206847,0.00574,41325.56960007992,41325.56960007992,,10.967185670298257,signal,0.4940080232374301,0.19764371208397513,-2.8378951353214177,-0.2587623863255194,15,1097.6636110651534
2024-02-04 08:00:00+00:00,2024-02-04 12:00:00+00:00,43077.321490326416,2024-02-04 20:00:00+00:00,42619.37019244243,0.00889,41846.8844346475,41846.8844346475,,10.938585424985522,signal,0.7618435890598151,0.3048496381886586,-4.833030627248434,-0.441833238894766,2,1094.825715929832
2024-02-05 04:00:00+00:00,2024-02-05 08:00:00+00:00,43089.103053807805,2024-02-05 16:00:00+00:00,42626.98019682159,0.00832,41779.226697705824,41779.226697705824,,10.898171282768459,signal,0.7131578126452365,0.2853165701252874,-4.558019982770588,-0.41823713947104674,2,1089.9926853025836
2024-02-06 00:00:00+00:00,2024-02-06 04:00:00+00:00,42868.24633330177,2024-02-06 12:00:00+00:00,42809.82617255772,0.00795,41503.57616963081,41503.57616963081,,10.849127801184178,signal,0.681140676421583,0.27252727791524556,-1.1455809543368218,-0.10559198631725789,2,1085.4346653198131
2024-02-06 12:00:00+00:00,2024-02-06 16:00:00+00:00,43262.19086855712,2024-02-07 04:00:00+00:00,42782.86429418254,0.00796,41900.83696200277,41900.83696200277,,10.836377096172562,signal,0.6849186390954078,0.27403553202164244,-4.500358171117057,-0.41530099323570013,3,1084.2890843654764
2024-02-07 04:00:00+00:00,2024-02-07 08:00:00+00:00,42935.19458544725,2024-02-23 12:00:00+00:00,50890.74102302021,0.0085,41665.66144079142,41665.66144079142,,10.791031729574605,end,0.7975204526719735,0.31912028062989706,66.82462426669815,6.19260752274078,97,1079.7887261943592
2024-02-23 16:00:00+00:00,2024-02-23 20:00:00+00:00,51119.533675009814,2024-04-02 04:00:00+00:00,66677.28642144226,0.0089,49832.577013438226,49832.577013438226,,11.453914287987125,signal,1.0483916988584234,0.4194325567512824,137.4156077443903,11.997261747323524,230,1146.6133504610573
2024-04-04 16:00:00+00:00,2024-04-04 20:00:00+00:00,68527.40165004006,2024-04-05 08:00:00+00:00,66903.9744949903,0.00543,66166.16391499856,66166.16391499856,,12.821520901275333,signal,0.7353923724675149,0.29418195192022467,-9.55060182438774,-0.744888371506516,3,1284.0289582054475
2024-04-05 12:00:00+00:00,2024-04-05 16:00:00+00:00,68217.89765260239,2024-04-05 20:00:00+00:00,67385.44239329771,0.00478,65555.35185799902,65555.35185799902,,12.726968898204113,signal,0.6481839654194025,0.25929233947642294,-4.62732010489583,-0.3635838306754081,1,1274.4783563810597
2024-04-06 04:00:00+00:00,2024-04-06 08:00:00+00:00,68019.22279236007,2024-04-06 12:00:00+00:00,67641.08584285057,0.0054,65669.14858578815,65669.14858578815,,12.690400715488364,signal,0.7325656666301374,0.29309552735128963,-2.7745051939814402,-0.21863022738085927,1,1269.851036276164
2024-04-06 12:00:00+00:00,2024-04-06 16:00:00+00:00,68131.25710859352,2024-04-12 16:00:00+00:00,65901.40992570334,0.00575,65927.78271619222,65927.78271619222,,12.669977756307462,stop,0.770687835447207,0.3083144197238289,-13.592309137065683,-1.072796606158133,36,1267.0765310821826
2024-05-15 12:00:00+00:00,2024-05-15 16:00:00+00:00,64751.01125227898,2024-06-11 12:00:00+00:00,66863.24088515918,0.00681,62910.858432314424,62910.858432314424,,12.531440703958626,signal,0.896293057055954,0.35854900008584245,13.487990742858244,1.07633200854531,161,1253.4842219451168
2024-06-11 16:00:00+00:00,2024-06-11 20:00:00+00:00,67433.98713132145,2024-06-12 00:00:00+00:00,67287.29258330641,0.00832,65913.00713516878,65913.00713516878,,12.654553567990297,signal,1.1208810472257038,0.4484858394851162,-2.341379686710866,-0.18502270144348573,1,1266.9722126879751
2024-06-12 08:00:00+00:00,2024-06-12 12:00:00+00:00,67805.5503579835,2024-06-12 20:00:00+00:00,67505.90435409742,0.00889,66384.47801546693,66384.47801546693,,12.633333124972326,signal,1.2029188323903997,0.4812690745473185,-3.866771806937777,-0.30607692908012724,2,1264.6308330012644
2024-06-12 20:00:00+00:00,2024-06-13 00:00:00+00:00,68291.29129749145,2024-06-13 04:00:00+00:00,67447.95579954916,0.00649,66349.07406115439,66349.07406115439,,12.60498986382756,signal,0.8809477136597936,0.3524426816454532,-6.354195095305215,-0.5041015632658141,1,1260.7640611943266
2024-06-13 04:00:00+00:00,2024-06-13 08:00:00+00:00,67751.89738531699,2024-06-13 16:00:00+00:00,66443.41990011852,0.00651,65827.07752337329,65827.07752337329,,12.530577301253462,signal,0.8736115155281853,0.3495055286419826,-9.391799944170259,-0.7495105547316464,2,1254.4098660990212
2024-07-15 00:00:00+00:00,2024-07-15 04:00:00+00:00,62672.93164501566,2024-08-02 20:00:00+00:00,62608.52254960917,0.00653,60766.79307959078,60766.79307959078,,12.447084832224476,signal,0.8180878958909004,0.32727769300436504,-1.2386792888952982,-0.09951561394427551,112,1245.0180661548509
2024-08-23 16:00:00+00:00,2024-08-23 20:00:00+00:00,63654.293185137576,2024-08-24 00:00:00+00:00,63806.474720074395,0.00589,61544.32069896591,61544.32069896591,,12.427737943551103,end,0.7507439229616985,0.30032205922216904,0.14560531781614827,0.01171615610801518,1,1243.7793868659555
2019-09-14 12:00:00+00:00,2019-09-14 16:00:00+00:00,185.12407799437747,2019-09-24 16:00:00+00:00,177.12089484004878,0.6303,177.19179253108828,177.19179253108828,,4.999719527511174,stop,0.22832300637753888,0.0913781745183139,-5.272729348550911,-1.0546050272495264,60,500.0
2019-10-09 12:00:00+00:00,2019-10-09 16:00:00+00:00,190.7162752306301,2019-10-11 12:00:00+00:00,183.9763412878562,0.3977,178.27721187740053,178.27721187740053,,4.947015495579396,signal,0.149015253589402,0.05962872904118521,-2.82948698263057,-0.5719583828186857,11,494.7272706514491
2019-10-14 16:00:00+00:00,2019-10-14 20:00:00+00:00,185.8743616522084,2019-10-15 04:00:00+00:00,185.14583506236818,0.4727,175.46978014474067,175.46978014474067,,4.918245678579992,signal,0.17538124698698032,0.07020851901746347,-0.519755766004451,-0.10567909778645221,2,491.89778366881853
2019-10-25 16:00:00+00:00,2019-10-25 20:00:00+00:00,180.74227623523598,2019-11-15 16:00:00+00:00,179.81801824339934,0.3617,167.15971858530747,167.15971858530747,,4.912811101979138,signal,0.13041465851292242,0.05217811564731237,-0.4647187741602181,-0.0945932510967102,124,491.37802790281404
2019-11-16 04:00:00+00:00,2019-11-16 08:00:00+00:00,181.35268711936385,2019-11-18 20:00:00+00:00,178.72843533908565,0.6153,173.37546721931358,173.37546721931358,,4.908383404500935,signal,0.22155791464868396,0.088758120405183,-1.8362600350538543,-0.3741068868764456,15,490.9133091286538
2020-01-05 00:00:00+00:00,2020-01-05 04:00:00+00:00,136.22457683157782,2020-01-05 12:00:00+00:00,135.00581938693622,0.776,129.92273288326575,129.92273288326575,,4.890230903890167,signal,0.21047478746556691,0.08439577704189039,-1.1562305645074389,-0.23643680374839973,2,489.07704909359995
2020-01-05 12:00:00+00:00,2020-01-05 16:00:00+00:00,137.29502299489093,2020-01-06 00:00:00+00:00,135.3157403752789,0.7778,131.0222346733014,131.0222346733014,,4.878974756532329,signal,0.21203665174931813,0.08500002153423798,-1.75152267328356,-0.35899400195471254,2,487.92081852909246
2020-01-06 00:00:00+00:00,2020-01-06 04:00:00+00:00,139.5458551782886,2020-02-21 16:00:00+00:00,263.96428739196875,0.6842,132.4403355199314,132.4403355199314,,4.861596550247998,end,0.2760816395465701,0.1105446794000316,84.85100968105338,17.453321929135605,276,486.1692958558089
2020-02-21 20:00:00+00:00,2020-02-22 00:00:00+00:00,265.42615816840686,2020-02-25 16:00:00+00:00,252.07911547893426,0.2074,237.90450131304263,237.90450131304263,,5.707991631802539,signal,0.10733059375445855,0.04294065379662043,-2.8755072475510772,-0.5037686515743918,22,571.0203055368623
2020-03-06 20:00:00+00:00,2020-03-07 00:00:00+00:00,245.02801500275757,2020-03-07 20:00:00+00:00,238.55452667458115,0.3265,227.62726827455825,227.62726827455825,,5.681343806757081,signal,0.1578896998576511,0.06317393914959929,-2.2714836390072577,-0.3998145009822639,5,568.1447982893112
2020-03-26 20:00:00+00:00,2020-03-27 00:00:00+00:00,138.45537807460656,2020-03-28 00:00:00+00:00,131.27744903866412,0.3879,123.86911861703877,123.86911861703877,,5.658010043590544,signal,0.10462936363723771,0.04186567304207543,-2.8889480366793094,-0.5105943634638722,6,565.8733146503039
2020-03-28 20:00:00+00:00,2020-03-29 00:00:00+00:00,130.99239419556915,2020-03-29 20:00:00+00:00,124.95997926908738,0.4401,118.2019296345891,118.2019296345891,,5.6290834532873175,signal,0.11264463956179535,0.04507280914462736,-2.7675104487064175,-0.49164494924839397,5,562.9843666136246
2020-03-30 04:00:00+00:00,2020-03-30 08:00:00+00:00,130.08203004189295,2020-05-10 04:00:00+00:00,185.84562433579572,0.5024,118.93297046110202,118.93297046110202,,5.601287533389363,signal,0.1587220535593508,0.0635062267432415,27.856907719697404,4.973304361477953,244,560.2168561649182
2020-05-17 12:00:00+00:00,2020-05-17 16:00:00+00:00,208.86352609585123,2020-05-21 16:00:00+00:00,199.13030143119926,0.4521,195.85668188490104,195.85668188490104,,5.880394267770577,signal,0.18445400942497953,0.07379387088915904,-4.584844880314137,-0.7796832442754523,24,588.0737638846156
2020-05-22 08:00:00+00:00,2020-05-22 12:00:00+00:00,203.30132023709882,2020-05-25 00:00:00+00:00,199.82000878365062,0.4262,189.6134783391524,189.6134783391524,,5.833758216904766,signal,0.17181031042864342,0.06875094145962563,-1.6555452518882845,-0.2837870872143673,15,583.4889190043015
2020-05-25 04:00:00+00:00,2020-05-25 08:00:00+00:00,204.28175168341718,2020-05-26 16:00:00+00:00,197.57090730965018,0.4548,191.490380538459,191.490380538459,,5.817515596726982,signal,0.18276258931004705,0.07315202118924069,-3.2348546104992835,-0.5560543081859994,8,581.8333737524132
2020-05-27 04:00:00+00:00,2020-05-27 08:00:00+00:00,202.95122639666667,2020-06-11 20:00:00+00:00,232.2870264677503,0.546,192.35533525301904,192.35533525301904,,5.785356564431611,signal,0.2376400860639717,0.095113161188328,15.779706752747714,2.7275253611439263,93,578.5985191419139
2020-06-12 04:00:00+00:00,2020-06-12 08:00:00+00:00,235.58426807769519,2020-06-13 04:00:00+00:00,235.59560824762167,0.4351,221.92402148450373,221.92402148450373,,5.943573292697599,signal,0.20501036418914537,0.08208589206498182,-0.20007625625412118,-0.033662621187819645,5,594.3782258946617
2020-06-22 08:00:00+00:00,2020-06-22 12:00:00+00:00,236.67473235349766,2020-06-24 16:00:00+00:00,232.00713101424756,0.6811,227.95199435396646,227.95199435396646,,5.941056851480711,signal,0.3192192171397713,0.12777527216322915,-3.498322489303007,-0.5888384132245944,13,594.1781496384076
2020-07-06 04:00:00+00:00,2020-07-06 08:00:00+00:00,232.9131651196383,2020-07-16 08:00:00+00:00,232.4969244208351,0.6751,224.1646063917867,224.1646063917867,,5.90615199717262,signal,0.3141983514487736,0.12573109576206187,-0.5952024472108519,-0.10077668971197928,60,590.6798271491045
2020-07-19 20:00:00+00:00,2020-07-20 00:00:00+00:00,239.2157549997591,2020-07-20 20:00:00+00:00,235.27573405674875,0.9125,232.74918324509213,232.74918324509213,,5.900746726133609,signal,0.4329734837640634,0.17339411049694708,-4.02824259426103,-0.6826665812346239,5,590.0846247018937
2020-07-21 04:00:00+00:00,2020-07-21 08:00:00+00:00,241.86678792124184,2020-08-19 20:00:00+00:00,395.7315696421488,0.8005,234.54610983273815,234.54610983273815,,5.860202809847203,signal,0.5103974852294942,0.20430223241393547,122.65836028235657,20.930736403226074,177,586.0563821076328
2020-08-19 20:00:00+00:00,2020-08-20 00:00:00+00:00,407.62301480749244,2020-08-21 12:00:00+00:00,405.14784461059537,0.2169,374.9507137871246,374.9507137871246,,7.086622091317791,signal,0.17628999940778325,0.07052941570697896,-0.713154415114758,-0.10063389946932298,9,708.7147423899894
2020-08-24 08:00:00+00:00,2020-08-24 12:00:00+00:00,407.09282385529036,2020-08-24 16:00:00+00:00,402.9386813052203,0.4334,390.75858437090056,390.75858437090056,,7.079259392534547,signal,0.3510676543365653,0.14048338120036588,-2.151473035536924,-0.3039121631573164,1,708.0015879748746
2020-08-24 20:00:00+00:00,2020-08-25 00:00:00+00:00,407.8431405563027,2020-08-25 04:00:00+00:00,401.25933168509175,0.4307,391.45705303909995,391.45705303909995,,7.057487893659237,signal,0.34848043479436863,0.13946448083057153,-3.1841269156249155,-0.45117001454379785,1,705.8501149393377
2020-08-30 12:00:00+00:00,2020-08-30 16:00:00+00:00,416.9767659982211,2020-09-03 12:00:00+00:00,401.09425401484407,0.4469,401.2547854110568,401.2547854110568,,7.026153124403736,stop,0.36559593884383884,0.14626920557246484,-7.463490544215034,-1.0622442198551447,23,702.6659880237128
2020-09-12 20:00:00+00:00,2020-09-13 00:00:00+00:00,387.93516817428235,2020-09-13 08:00:00+00:00,387.145018134931,0.3263,366.6307656828262,366.6307656828262,,6.951626532962136,signal,0.2529086647926963,0.10120195784036604,-0.510734622633052,-0.07346980166603174,2,695.2024974794977
2020-09-17 04:00:00+00:00,2020-09-17 08:00:00+00:00,380.06200119653795,2020-09-21 08:00:00+00:00,360.011333071792,0.3489,360.1554548602606,360.1554548602606,,6.9453940167271675,stop,0.2582115863262203,0.10331730946876472,-7.253889695050077,-1.0444173041270133,24,694.6917628568646
2020-09-28 12:00:00+00:00,2020-09-28 16:00:00+00:00,365.05601093867125,2020-09-29 00:00:00+00:00,353.76836400753507,0.4794,350.718116965829,350.718116965829,,6.873586370580577,signal,0.34460440534921133,0.1378979387866848,-5.755902344135933,-0.8373943431876539,2,687.4378731618144
2020-10-01 00:00:00+00:00,2020-10-01 04:00:00+00:00,362.4750524001859,2020-10-01 16:00:00+00:00,350.4972185382309,0.5758,350.63757215234904,350.63757215234904,,6.8160211267044595,stop,0.4105294336063404,0.16433678303626864,-7.307366171320041,-1.0720867842810144,3,681.6819708176785
2020-10-05 20:00:00+00:00,2020-10-06 00:00:00+00:00,353.7717573309997,2020-10-06 08:00:00+00:00,350.5495342233704,0.6745,343.77376157669624,343.77376157669624,,6.7436481362777,signal,0.4750647111534227,0.1903594860959672,-2.6484541972493787,-0.3927331532916024,2,674.3746046463584
2020-10-06 12:00:00+00:00,2020-10-06 16:00:00+00:00,351.49061018935987,2020-10-06 16:00:00+00:00,340.12133441648507,0.5979,340.2575032355213,340.2575032355213,,6.716274647700072,stop,0.41351478167983474,0.16548616912002242,-7.211204766281668,-1.0736911672829044,0,671.726150449109
2020-10-08 12:00:00+00:00,2020-10-08 16:00:00+00:00,349.3297177769567,2020-10-28 12:00:00+00:00,386.65522237036646,0.5371,336.9593623488609,336.9593623488609,,6.644117900430262,signal,0.3952975113531273,0.15817348287963512,19.65223100576722,2.9578389938707397,119,664.5149456828274
2020-10-28 20:00:00+00:00,2020-10-29 00:00:00+00:00,388.37540996871843,2020-10-29 08:00:00+00:00,387.0450014312738,0.4218,372.1588501170742,372.1588501170742,,6.840144945423534,signal,0.3270723295285168,0.13093032109412092,-0.888238650622668,-0.1298567000713856,2,684.1671766885946
2020-10-29 12:00:00+00:00,2020-10-29 16:00:00+00:00,390.86633841749057,2020-10-29 20:00:00+00:00,388.344521955279,0.4305,374.9971566723112,374.9971566723112,,6.831682741299721,signal,0.33545027539047734,0.13423698698209188,-1.4210922623725537,-0.20801496734934624,1,683.278938037972
2020-10-31 08:00:00+00:00,2020-10-31 12:00:00+00:00,390.46618069081785,2020-10-31 20:00:00+00:00,385.3556786718997,0.4483,375.2584410308063,375.2584410308063,,6.817629689583176,signal,0.3478009395523063,0.1391980550810099,-2.6388389946333177,-0.38706106297695586,2,681.8578457755995
2020-11-01 20:00:00+00:00,2020-11-02 00:00:00+00:00,396.83874458725876,2020-11-02 08:00:00+00:00,383.7910112858242,0.5267,383.9447086299178,383.9447086299178,,6.791288738731478,stop,0.4111576924183528,0.16456316524327694,-7.283398822283914,-1.072461958618528,2,679.2190067809661
2020-11-04 16:00:00+00:00,2020-11-04 20:00:00+00:00,402.6610152581894,2020-11-26 20:00:00+00:00,499.95991292081624,0.3886,385.37347749552083,385.37347749552083,,6.71793717457302,signal,0.35075849269036163,0.14032436830322978,37.459593139006444,5.5760558882254365,132,671.9356079586822
2020-11-26 20:00:00+00:00,2020-11-27 00:00:00+00:00,520.0379479603934,2020-11-27 16:00:00+00:00,496.13144975604854,0.1401,469.4291466244031,469.4291466244031,,7.090293067172241,signal,0.1423653326200735,0.05695039842870048,-3.4916657310487835,-0.49245718025606716,4,709.3952010976886
2020-11-27 16:00:00+00:00,2020-11-27 20:00:00+00:00,506.9027107616243,2020-12-08 12:00:00+00:00,573.480494335468,0.1561,461.6847782140923,461.6847782140923,,7.058519270669744,signal,0.16864781831565612,0.06746898412299648,10.224144197561358,1.4484828624107795,63,705.9035353666399
2020-12-13 04:00:00+00:00,2020-12-13 08:00:00+00:00,579.3017017125911,2020-12-22 08:00:00+00:00,595.5016471094907,0.2893,554.5500613006187,554.5500613006187,,7.16064957118361,signal,0.33987060881422826,0.1359867966769398,4.346773594508818,0.6070362124689651,52,716.1276795642011
2020-12-22 08:00:00+00:00,2020-12-22 12:00:00+00:00,611.8246645874577,2020-12-23 20:00:00+00:00,574.9507072896782,0.1966,575.1808181346029,575.1808181346029,,7.204180212631271,stop,0.23332003811104496,0.0933408500063661,-7.482740042854488,-1.0386664161641612,8,720.4744531587099
2020-12-24 20:00:00+00:00,2020-12-25 04:00:00+00:00,606.1624048810492,2021-01-21 16:00:00+00:00,1188.0645647074375,0.1744,565.2881553263866,565.2881553263866,,7.128469122333153,signal,0.3129131834962321,0.1251913262778715,101.17082349022591,14.192503573209367,165,712.9917131158554
2021-01-21 16:00:00+00:00,2021-01-21 20:00:00+00:00,1231.5124179358743,2021-01-22 00:00:00+00:00,1111.535200379566,0.0549,1083.2924537691547,1083.2924537691547,,8.137276032752899,signal,0.12863331424551766,0.05145324384132398,-6.715382558086837,-0.8252617375958641,1,814.1625366060813
2021-01-22 12:00:00+00:00,2021-01-22 16:00:00+00:00,1233.6332675468052,2021-02-22 04:00:00+00:00,1885.8753209768342,0.0511,1075.7141549833016,1075.7141549833016,,8.069666651995034,end,0.15940688887355797,0.06377006972551624,33.17016204140092,4.110474877323512,182,807.4471540479944
2021-02-22 08:00:00+00:00,2021-02-22 12:00:00+00:00,1803.2210146609368,2021-02-22 12:00:00+00:00,1614.0500323705332,0.0445,1614.695922481024,1614.695922481024,,8.389366602006124,stop,0.15206856159290041,0.060827262328522466,-8.570177273515881,-1.021552362661863,0,840.6173160893953
2021-02-22 12:00:00+00:00,2021-02-22 16:00:00+00:00,1734.0233365020067,2021-02-23 08:00:00+00:00,1586.0053377087418,0.0361,1503.8521794778019,1503.8521794778019,,8.309178768573796,signal,0.11985303513900802,0.04794075643687097,-5.46330279157587,-0.6575021363409181,4,832.0471388158795
2021-02-24 00:00:00+00:00,2021-02-24 04:00:00+00:00,1637.424716695643,2021-02-24 20:00:00+00:00,1598.5603108646476,0.0246,1302.6883948594316,1302.6883948594316,,8.2345135171708,signal,0.07960523167798315,0.03184238344248688,-1.0356696151204758,-0.12577180339322697,4,826.5838360243037
2021-02-24 20:00:00+00:00,2021-02-25 00:00:00+00:00,1623.8092778221428,2021-02-25 04:00:00+00:00,1603.2284368132944,0.0269,1317.2482612190672,1317.2482612190672,,8.246491346622733,signal,0.08680731452369328,0.03472362313801784,-0.6404319376617167,-0.07766114226555262,1,825.5481664091832
2021-02-25 04:00:00+00:00,2021-02-25 08:00:00+00:00,1634.343491079161,2021-02-25 20:00:00+00:00,1584.6058897412759,0.0286,1345.943022681611,1345.943022681611,,8.248253396169929,signal,0.0920619522914645,0.036825398263511215,-1.5145573505549734,-0.18362158360196076,3,824.9077344715214
2021-03-07 04:00:00+00:00,2021-03-07 08:00:00+00:00,1685.2138534563042,2021-03-07 16:00:00+00:00,1651.3291784270725,0.0476,1512.4635829253832,1512.4635829253832,,8.22291287727184,signal,0.15881944831764874,0.06353053139142777,-1.7717299797090789,-0.21546257465601354,2,823.3931771209664
2021-03-07 20:00:00+00:00,2021-03-08 00:00:00+00:00,1727.1506128045453,2021-03-23 00:00:00+00:00,1680.497510838225,0.0476,1554.6679322382802,1554.6679322382802,,8.210175594954215,signal,0.1622040506853959,0.06488365359684631,-2.382891704282244,-0.29023638736139995,90,821.6214471412572
2021-03-24 08:00:00+00:00,2021-03-24 12:00:00+00:00,1715.5160014482622,2021-03-24 20:00:00+00:00,1634.6958163648978,0.0712,1600.4620280258223,1600.4620280258223,,8.191842907677724,signal,0.238535081428297,0.09542117793553843,-5.99293225936384,-0.731573142564419,2,819.238555436975
2021-03-26 20:00:00+00:00,2021-03-27 00:00:00+00:00,1699.5196064395352,2021-03-27 12:00:00+00:00,1680.47746234142,0.0643,1573.108858741121,1573.108858741121,,8.128211077008036,signal,0.21733381152261544,0.08694286550881583,-1.4417436770314112,-0.17737527524471125,3,813.2456231776112
2021-03-27 12:00:00+00:00,2021-03-27 16:00:00+00:00,1683.2130957376703,2021-03-28 20:00:00+00:00,1674.3599110944533,0.0713,1569.4324953364205,1569.4324953364205,,8.112556808609103,signal,0.23939495538713043,0.09576906506137214,-0.8706270204485236,-0.10731844977955754,7,811.8038795005798
2021-03-28 20:00:00+00:00,2021-03-29 00:00:00+00:00,1687.8350065060877,2021-05-19 08:00:00+00:00,2983.805981671378,0.08,1586.478269512224,1586.478269512224,,8.10853895950909,signal,0.3737312790541973,0.1495219867767628,103.30394673416902,12.740143107165052,306,810.9332524801313
2021-07-04 04:00:00+00:00,2021-07-04 08:00:00+00:00,2335.403820630504,2021-07-05 04:00:00+00:00,2263.5441815809727,0.0447,2130.95504924126,2130.95504924126,,9.138860081099205,signal,0.205572975698853,0.08223186551405101,-3.4176988412128964,-0.37397430433159906,5,914.2371992143003
2021-07-06 04:00:00+00:00,2021-07-06 08:00:00+00:00,2337.7047427908124,2021-07-08 04:00:00+00:00,2252.458625393055,0.0429,2125.884921244075,2125.884921244075,,9.087070344355034,signal,0.19691800849508795,0.07876943636378964,-3.8539764448588727,-0.42411649726613987,11,910.8195003730874
2021-07-23 00:00:00+00:00,2021-07-23 04:00:00+00:00,2060.7340092108348,2021-07-23 20:00:00+00:00,2019.7717285125505,0.0522,1887.119531955901,1887.119531955901,,9.062675712707547,signal,0.21300239950916072,0.08520505245044442,-2.351233451959615,-0.2594414195647265,4,906.9655239282285
2021-07-23 20:00:00+00:00,2021-07-24 00:00:00+00:00,2125.1097393346545,2021-08-24 12:00:00+00:00,3210.2552494539996,0.0519,1950.9072535336932,1950.9072535336932,,9.041109013069887,end,0.27690544291813113,0.11078002480597662,56.04214653227589,6.1985920589234125,187,904.6142904762689
2021-08-24 16:00:00+00:00,2021-08-24 20:00:00+00:00,3218.7370583199727,2021-08-26 04:00:00+00:00,3073.257687276072,0.0665,3074.4876143523175,3074.4876143523175,,9.592588023849084,stop,0.41841765058213704,0.1673795288485228,-10.09279582500153,-1.052145239627599,8,960.6564370085448
2021-08-26 04:00:00+00:00,2021-08-26 08:00:00+00:00,3106.402160111856,2021-09-08 08:00:00+00:00,3257.3464837175015,0.0625,2954.321025451381,2954.321025451381,,9.50507091627969,signal,0.39773429023933493,0.15910477464717587,9.036285935113511,0.9506805382836994,78,950.5636411835433
2021-09-08 08:00:00+00:00,2021-09-08 12:00:00+00:00,3407.622535901315,2021-09-10 16:00:00+00:00,3297.6803715409187,0.0316,3104.5136724704284,3104.5136724704284,,9.578240084416024,signal,0.21188757187517462,0.08475639378851993,-3.686059965663702,-0.38483687328541605,13,959.5999271186569
2021-09-12 08:00:00+00:00,2021-09-12 12:00:00+00:00,3439.425299640247,2021-09-13 04:00:00+00:00,3256.3968412041654,0.045,3227.4226201335655,3227.4226201335655,,9.540120577800675,signal,0.30131199633799854,0.12053062962365402,-8.53759262596165,-0.894914540789783,4,955.9138671529931
2021-09-14 12:00:00+00:00,2021-09-14 16:00:00+00:00,3389.9054967436177,2021-09-14 20:00:00+00:00,3348.7698029874846,0.0454,3181.60231297365,3181.60231297365,,9.456964543156534,signal,0.30593585860779204,0.12238449652844258,-2.1734963551362227,-0.22983023201763594,1,947.3762745270315
2021-09-14 20:00:00+00:00,2021-09-15 00:00:00+00:00,3435.7438742713193,2021-09-19 12:00:00+00:00,3324.859420545964,0.0465,3232.7127617349697,3232.7127617349697,,9.440946732940265,signal,0.3143680532090037,0.12575709822903103,-5.47049515143803,-0.5794434929233323,27,945.2027781718953
2021-10-02 12:00:00+00:00,2021-10-02 16:00:00+00:00,3387.9047052591745,2021-10-04 04:00:00+00:00,3333.975756221507,0.0528,3210.0331858523314,3210.0331858523314,,9.391616224681314,signal,0.35491528836618,0.1419765091888439,-3.2023637975550514,-0.3409811177270201,9,939.7322830204572
2021-10-04 04:00:00+00:00,2021-10-04 08:00:00+00:00,3379.5914938776477,2021-10-04 12:00:00+00:00,3312.0644920193763,0.0569,3215.0794260021903,3215.0794260021903,,9.36073666211353,signal,0.38075522559754066,0.15232140573564973,-4.22304163133316,-0.45114415497077487,1,936.5299192229022
2021-10-04 16:00:00+00:00,2021-10-04 20:00:00+00:00,3417.166397478768,2021-11-16 12:00:00+00:00,4290.722965513602,0.0513,3235.510882492478,3235.510882492478,,9.318927918796682,signal,0.3954147243215086,0.15818005981300556,44.41803721586547,4.766432104949794,256,932.3068775915691
2021-11-20 16:00:00+00:00,2021-11-20 20:00:00+00:00,4400.13943952895,2021-11-21 04:00:00+00:00,4341.552472895909,0.045,4183.5204050081975,4183.5204050081975,,9.747856553433841,signal,0.39337613605911864,0.15736349848683404,-3.0297896345459776,-0.31081598482065115,2,976.7249148074345
2021-11-21 12:00:00+00:00,2021-11-21 16:00:00+00:00,4368.156761247998,2021-11-21 20:00:00+00:00,4344.251459432608,0.0509,4177.079131606491,4177.079131606491,,9.725851348752693,signal,0.4434615784326429,0.17740186240334604,-1.6602414408359891,-0.17070397040860688,1,973.6951251728885
2021-11-25 08:00:00+00:00,2021-11-25 12:00:00+00:00,4389.125067260536,2021-11-26 08:00:00+00:00,4341.71250124428,0.0447,4171.889055393541,4171.889055393541,,9.710449730454675,signal,0.39026843931216526,0.1561177009266117,-2.5096101402387774,-0.25844427497193473,5,972.0348837320525
2021-11-29 20:00:00+00:00,2021-11-30 00:00:00+00:00,4446.318046194381,2021-12-03 16:00:00+00:00,4232.890163695272,0.0457,4234.584082342088,4234.584082342088,,9.67624214804982,stop,0.3966398151919571,0.15866879324267985,-10.15029404540121,-1.0489913222610838,22,969.5252735918137
2021-12-07 08:00:00+00:00,2021-12-07 12:00:00+00:00,4410.1834637400925,2021-12-07 16:00:00+00:00,4384.835274136727,0.0343,4130.541425355145,4130.541425355145,,9.591721916603701,signal,0.3016691427091749,0.12067390339543663,-1.1711120461046391,-0.12209612166480678,1,959.3749795464125
2021-12-08 12:00:00+00:00,2021-12-08 16:00:00+00:00,4404.98135485449,2021-12-08 20:00:00+00:00,4379.617314170903,0.0358,4137.473494820233,4137.473494820233,,9.576781389226383,signal,0.3144886323511091,0.1258026564723876,-1.2225212888235433,-0.1276547139521057,1,958.2038675003079
2021-12-08 20:00:00+00:00,2021-12-09 00:00:00+00:00,4438.684947716526,2021-12-09 04:00:00+00:00,4357.106352093537,0.0384,4189.740313299233,4189.740313299233,,9.559473961624034,signal,0.33775838591270635,0.1351140719228075,-3.470376457835499,-0.36303006543740046,1,956.9813462114844
2022-02-04 20:00:00+00:00,2022-02-05 00:00:00+00:00,2996.1881268540437,2022-02-12 16:00:00+00:00,2878.9378391862356,0.0561,2826.3490349351687,2826.3490349351687,,9.527973056648902,signal,0.32959456669485965,0.13185113816405775,-6.907335704858895,-0.7249533204797164,46,953.5109697536489
2022-02-12 16:00:00+00:00,2022-02-12 20:00:00+00:00,2953.681125783349,2022-02-13 20:00:00+00:00,2855.8170979312167,0.0561,2785.1921721594317,2785.1921721594317,,9.45223029830177,signal,0.3259128503503872,0.13037796250463496,-5.816084812855024,-0.6153134899707182,6,946.60363404879
2022-02-14 12:00:00+00:00,2022-02-14 16:00:00+00:00,2937.6746840138985,2022-02-14 20:00:00+00:00,2878.4780501156565,0.065,2793.101067461989,2793.101067461989,,9.397285075874121,signal,0.37804992771842105,0.15123120338573698,-4.225831131104172,-0.4496863825013941,1,940.787549235935
2022-02-14 20:00:00+00:00,2022-02-15 00:00:00+00:00,2930.922107482212,2022-02-18 16:00:00+00:00,2799.339754911267,0.0621,2780.220264638984,2780.220264638984,,9.358584440564467,signal,0.35584926165463504,0.14235509465569945,-8.527113356310338,-0.9111541826079865,22,936.5617181048308
2022-02-26 00:00:00+00:00,2022-02-26 04:00:00+00:00,2794.7074934494904,2022-02-26 12:00:00+00:00,2750.3793328419765,0.0444,2585.9195715722417,2585.9195715722417,,9.27018373134984,signal,0.24620185508734116,0.09848633097360872,-2.21437218606097,-0.23887036656807809,2,928.0346047485205
2022-02-26 16:00:00+00:00,2022-02-26 20:00:00+00:00,2810.1437313215174,2022-02-27 00:00:00+00:00,2778.35809647076,0.048,2617.6401735139348,2617.6401735139348,,9.240170774763977,signal,0.2682480877340293,0.10731047283635417,-1.7939585605703883,-0.19414777110720788,1,925.8202325624595
2022-02-27 08:00:00+00:00,2022-02-27 12:00:00+00:00,2822.0984879718576,2022-02-27 16:00:00+00:00,2631.613669039209,0.0487,2632.666779450867,2632.666779450867,,9.225324204972246,stop,0.26559578204643897,0.10624384127722178,-9.542206464066396,-1.034349173216412,1,924.0262740018891
2022-02-28 12:00:00+00:00,2022-02-28 16:00:00+00:00,2816.5662047594988,2022-03-03 16:00:00+00:00,2826.8587499227556,0.0426,2602.235753467524,2602.235753467524,,9.130477225038138,signal,0.24040990306946403,0.09616757604524792,0.1980525208852839,0.02169136574177881,18,914.4840675378226
2022-03-16 16:00:00+00:00,2022-03-16 20:00:00+00:00,2754.2613115624486,2022-04-11 12:00:00+00:00,3050.349320511689,0.0694,2622.490461263994,2622.490461263994,,9.14489701071277,signal,0.40283997786594516,0.1611461789227483,20.1456678432113,2.202940920997984,154,914.6821200587079
2022-04-13 12:00:00+00:00,2022-04-13 16:00:00+00:00,3094.6674540946196,2022-04-14 12:00:00+00:00,3071.550713646132,0.0733,2967.268419729947,2967.268419729947,,9.338349218930514,signal,0.45198379169539715,0.18081207487417433,-2.1464408665695203,-0.2298522807669581,5,934.8277879019192
2022-07-14 16:00:00+00:00,2022-07-14 20:00:00+00:00,1194.5276351654913,2022-08-20 00:00:00+00:00,1608.3563638689898,0.1224,1118.3419632995112,1118.3419632995112,,9.325126236395967,signal,0.34307300148182046,0.13724360669179803,50.30956339182637,5.395054406391642,217,932.6813470353497
2022-08-25 04:00:00+00:00,2022-08-25 08:00:00+00:00,1709.60360509382,2022-08-25 16:00:00+00:00,1700.5194860347224,0.0576,1539.232961957019,1539.232961957019,,9.813349044679743,signal,0.19642309004900405,0.07857325780402608,-0.7196683478530304,-0.07333565173076105,2,982.9909104271762
2022-09-09 04:00:00+00:00,2022-09-09 08:00:00+00:00,1705.6119916252583,2022-09-13 16:00:00+00:00,1593.8022156166276,0.0548,1526.494545745462,1526.494545745462,,9.815636034212835,signal,0.18080789855685536,0.07232372527296221,-6.307983623829827,-0.6426464471424033,26,982.2712420793232
2022-10-23 16:00:00+00:00,2022-10-23 20:00:00+00:00,1331.3824728976401,2022-11-08 16:00:00+00:00,1271.7987809991566,0.1652,1272.3077318667652,1272.3077318667652,,9.759147218300535,stop,0.4300455431437509,0.1720432060190914,-10.2732714447732,-1.0526812655831823,95,975.9632584554934
2022-12-05 04:00:00+00:00,2022-12-05 08:00:00+00:00,1297.608980667425,2022-12-05 16:00:00+00:00,1266.0832679359266,0.131,1223.9460548717718,1223.9460548717718,,9.64984327923056,signal,0.33584368456703906,0.13436836782627576,-4.4657120523933145,-0.4627756040354464,2,965.6899870107202
2022-12-08 16:00:00+00:00,2022-12-08 20:00:00+00:00,1284.413626503776,2022-12-16 12:00:00+00:00,1212.3548316171343,0.1203,1204.5483636019414,1204.5483636019414,,9.607791127090692,signal,0.30036124551194554,0.12015502486296796,-8.96903427037492,-0.933516783590903,46,961.2242749583269
2023-01-04 00:00:00+00:00,2023-01-04 04:00:00+00:00,1251.2303903688135,2023-02-10 00:00:00+00:00,1544.7317661878817,0.2171,1207.3862210073828,1207.3862210073828,,9.518569168366586,signal,0.6070033841884586,0.24285330968026056,63.112145306131254,6.630423563645909,221,952.255240687952
2023-02-15 16:00:00+00:00,2023-02-15 20:00:00+00:00,1629.1914798274563,2023-02-22 16:00:00+00:00,1613.0744529193819,0.0911,1517.8345453818633,1517.8345453818633,,10.144616727993514,signal,0.29537042647323697,0.11815915132558563,-1.7636315777988614,-0.17384901027677238,41,1015.3673859940832
2023-02-22 20:00:00+00:00,2023-02-23 00:00:00+00:00,1643.8073848746128,2023-02-23 08:00:00+00:00,1636.8248706641166,0.0845,1523.9052523302626,1523.9052523302626,,10.131730199997605,end,0.27721342559302264,0.11090745078692442,-0.867235876379965,-0.08559602943040963,2,1013.6037544162842
2023-02-23 12:00:00+00:00,2023-02-23 16:00:00+00:00,1656.6524961387152,2023-02-24 16:00:00+00:00,1602.298730123936,0.1618,1594.0918166353938,1594.0918166353938,,10.122317943637405,signal,0.527298308409297,0.21094934119128828,-9.32173764960055,-0.9209093906657935,6,1012.7365185399042
2023-02-26 16:00:00+00:00,2023-02-26 20:00:00+00:00,1633.7734993472516,2023-02-27 20:00:00+00:00,1621.470990241248,0.208,1585.543924220991,1585.543924220991,,10.031751626262215,signal,0.6770908538344078,0.2709218940487335,-3.2360127478830805,-0.32257704022610495,6,1003.4147808903035
2023-02-27 20:00:00+00:00,2023-02-28 00:00:00+00:00,1634.1036726640207,2023-02-28 08:00:00+00:00,1618.5818959731319,0.2107,1586.6553672570308,1586.6553672570308,,9.997357949252752,signal,0.685340849311848,0.2742843487702703,-3.955779198082155,-0.3956824611224236,2,1000.1787681424204
2023-02-28 08:00:00+00:00,2023-02-28 12:00:00+00:00,1630.1722136497401,2023-03-01 00:00:00+00:00,1604.5977364027576,0.2296,1586.799339386199,1586.799339386199,,9.958411930909026,signal,0.7427031805320535,0.29721197590718745,-6.614603156439273,-0.6642226895544254,3,996.2229889443382
2023-03-01 00:00:00+00:00,2023-03-01 04:00:00+00:00,1639.045527986973,2023-03-03 00:00:00+00:00,1589.6779563565099,0.203,1590.3143367687046,1590.3143367687046,,9.892431817308472,stop,0.6554308673217271,0.262257405031022,-10.677047908305724,-1.0793147838152835,11,989.6083857878989
2023-03-13 04:00:00+00:00,2023-03-13 08:00:00+00:00,1607.4828184645976,2023-03-13 12:00:00+00:00,1580.4375123394066,0.1333,1534.0630474428026,1534.0630474428026,,9.786855477205263,signal,0.4249497800961738,0.1699983064879652,-4.030089086584127,-0.41178589956403033,1,978.9313378795931
2023-03-13 12:00:00+00:00,2023-03-13 16:00:00+00:00,1665.355898315531,2023-04-21 16:00:00+00:00,1903.1483457771815,0.1129,1579.0236467712282,1579.0236467712282,,9.74691119935178,signal,0.40288412915806726,0.16117068157966682,26.443883189262294,2.713052642874283,233,974.901248793009
2023-04-26 12:00:00+00:00,2023-04-26 16:00:00+00:00,1954.7016486132316,2023-04-26 16:00:00+00:00,1887.9146203005218,0.1516,1888.6701636619143,1888.6701636619143,,10.010373118619697,stop,0.5825406263673251,0.2330383033529932,-10.707454118574105,-1.069635865885739,0,1001.3451319822714
2023-05-05 12:00:00+00:00,2023-05-05 16:00:00+00:00,1954.1214316887115,2023-05-06 12:00:00+00:00,1933.546101026265,0.1828,1899.953667559462,1899.953667559462,,9.9018672828268,signal,0.7106656249802978,0.2843144450952242,-4.47183607007554,-0.45161543195304404,5,990.6376778636973
2023-05-23 00:00:00+00:00,2023-05-23 04:00:00+00:00,1866.7565697404177,2023-05-24 00:00:00+00:00,1832.7393472677609,0.2962,1833.4738029941389,1833.4738029941389,,9.858355510247778,stop,1.0957906906178225,0.43867974326488623,-11.17169198701879,-1.1332206447014206,5,986.1658417936218
2023-05-28 00:00:00+00:00,2023-05-28 04:00:00+00:00,1851.4506410388485,2023-06-05 16:00:00+00:00,1819.9615146803972,0.2879,1817.5863023765048,1817.5863023765048,,9.749543100888738,signal,1.0569995596315707,0.42296147859815125,-10.122719038229775,-1.0382762487923172,51,974.994149806603
2023-06-06 12:00:00+00:00,2023-06-06 16:00:00+00:00,1842.9570353401782,2023-06-07 16:00:00+00:00,1838.264193161515,0.2301,1801.0414863446908,1801.0414863446908,,9.644767823861669,signal,0.8470490046782397,0.3389009853103761,-1.9268719899886264,-0.19978417574982393,6,964.8714307683732
2023-06-07 16:00:00+00:00,2023-06-07 20:00:00+00:00,1851.1103896804689,2023-06-08 00:00:00+00:00,1831.3868581810084,0.2007,1803.1497427202114,1803.1497427202114,,9.62570184492365,signal,0.7390771976457985,0.2957377719417179,-4.697589969587511,-0.4880257092177544,1,962.9445587783846
2023-06-08 08:00:00+00:00,2023-06-08 12:00:00+00:00,1844.5283180618744,2023-06-09 04:00:00+00:00,1837.4842562271988,0.2179,1800.5678641408022,1800.5678641408022,,9.578982909401637,signal,0.8023105399375892,0.32119807377583387,-2.337211613713407,-0.2439937137187568,4,958.2469688087972
2023-06-21 00:00:00+00:00,2023-06-21 04:00:00+00:00,1812.1147489448158,2023-07-13 04:00:00+00:00,1866.652134468685,0.2015,1764.6982408265012,1764.6982408265012,,9.554426385840399,signal,0.7412715270078205,0.296731816940342,10.248011656051801,1.07259308326864,132,955.9097571950838
2023-07-13 08:00:00+00:00,2023-07-13 12:00:00+00:00,1884.4745467781622,2023-07-17 20:00:00+00:00,1885.6351057241916,0.304,1852.7013367295488,1852.7013367295488,,9.659055854778524,signal,1.1461133343607157,0.45887008040709404,-0.79330341476782,-0.08213053394606443,26,966.1577688511356
2023-07-17 20:00:00+00:00,2023-07-18 00:00:00+00:00,1911.9750109368479,2023-07-18 08:00:00+00:00,1898.2298839018817,0.2082,1865.6230371469542,1865.6230371469542,,9.650480943055857,signal,0.7932846591054236,0.31753144867993993,-3.655020107785276,-0.37873968451440737,2,965.3644654363678
2023-07-19 00:00:00+00:00,2023-07-19 04:00:00+00:00,1913.2456149968093,2023-07-20 00:00:00+00:00,1887.8841227309736,0.226,1870.693021322865,1870.693021322865,,9.616886170311417,signal,0.859055320726479,0.343857252078898,-6.590752572805343,-0.6853312450709728,5,961.7094453285827
2023-07-20 04:00:00+00:00,2023-07-20 08:00:00+00:00,1913.2755546495769,2023-07-20 16:00:00+00:00,1887.844303445765,0.2333,1872.3510007060556,1872.3510007060556,,9.547698435023493,signal,0.8868012628936432,0.35490790584927984,-6.819912168742917,-0.714299075861641,2,955.1186927557774
2023-08-13 16:00:00+00:00,2023-08-13 20:00:00+00:00,1859.3456770495814,2023-08-13 20:00:00+00:00,1843.5025618654497,0.5095,1844.242046076435,1844.242046076435,,7.695299980818062,stop,1.886601177727208,0.7566896622587111,-9.958668364042296,-1.2941234765202256,0,948.2987805870345
2023-09-15 20:00:00+00:00,2023-09-16 00:00:00+00:00,1641.9568552505957,2023-09-16 08:00:00+00:00,1636.1442248148044,0.2519,1604.7090660347217,1604.7090660347217,,9.382718103478677,signal,0.8257536620684744,0.33065160677583705,-2.2899552688443805,-0.24406096864355023,2,938.3401122229922
2023-09-18 08:00:00+00:00,2023-09-18 12:00:00+00:00,1656.5427517439427,2023-09-19 00:00:00+00:00,1636.0035945109714,0.3074,1626.0929506041884,1626.0929506041884,,9.360268870360455,signal,1.0121287468387608,0.40550893341537536,-7.3258656802541395,-0.7826554751489769,3,936.0501569541477
2023-09-19 08:00:00+00:00,2023-09-19 12:00:00+00:00,1648.4596652480393,2023-09-20 08:00:00+00:00,1633.8755674508768,0.3005,1617.5600394451244,1617.5600394451244,,9.285337553775904,signal,0.9863417374260244,0.3948863880473322,-5.368863125473354,-0.5782087182484921,5,928.7242912738936
2023-09-27 08:00:00+00:00,2023-09-27 12:00:00+00:00,1630.2821368853452,2023-09-27 12:00:00+00:00,1601.2252371152422,0.3249,1601.8662588428913,1601.8662588428913,,9.23231877599325,stop,1.049916745812791,0.4201472333617987,-10.490503481119276,-1.1362804660079198,0,923.3554281484203
2023-09-28 04:00:00+00:00,2023-09-28 08:00:00+00:00,1619.9985403347835,2023-10-05 16:00:00+00:00,1617.652433697583,0.289,1588.4153480525185,1588.4153480525185,,9.12754256957454,signal,0.9356811314953539,0.3745748181509184,-1.6137059496462598,-0.17679522580648768,44,912.864924667301
2023-10-06 04:00:00+00:00,2023-10-06 08:00:00+00:00,1631.5333334393222,2023-10-08 08:00:00+00:00,1628.2276317375809,0.2527,1595.473409939768,1595.473409939768,,9.112342668337323,signal,0.8237415959002035,0.3299508200300334,-1.6590924159301608,-0.18207089837556403,12,911.2512187176548
2023-10-08 12:00:00+00:00,2023-10-08 16:00:00+00:00,1631.8531794853682,2023-10-09 08:00:00+00:00,1620.080510809553,0.3077,1602.298431063461,1602.298431063461,,9.093996089420788,signal,1.0006199965037472,0.40083115154830146,-4.623070148052022,-0.5083650908350538,4,909.5921263017246
2023-10-20 08:00:00+00:00,2023-10-20 12:00:00+00:00,1613.7954408569228,2023-10-20 16:00:00+00:00,1604.8075267476574,0.2463,1577.054231934276,1577.054231934276,,9.04935975764791,signal,0.7927419109210081,0.31721324511205073,-3.00646515603313,-0.33222959817596687,1,904.9690561536727
2023-10-21 12:00:00+00:00,2023-10-21 16:00:00+00:00,1629.3520068088656,2023-12-18 04:00:00+00:00,2173.9295939084195,0.271,1596.0723532904392,1596.0723532904392,,9.018786103493554,signal,1.0306893137943844,0.41257389602091216,146.54983679018477,16.249397103831594,345,901.9625909976396
2023-12-18 20:00:00+00:00,2023-12-19 00:00:00+00:00,2220.328043911036,2023-12-19 16:00:00+00:00,2146.0397226648433,0.1427,2146.898656596075,2146.898656596075,,10.4783735698449,stop,0.6230806802903779,0.24929373809155364,-11.224024122121989,-1.07116090558395,4,1048.5124277878244
2023-12-20 04:00:00+00:00,2023-12-20 08:00:00+00:00,2217.6470083537047,2023-12-26 08:00:00+00:00,2240.5132648475346,0.1408,2144.001635634474,2144.001635634474,,10.369268478867657,signal,0.6277089664667346,0.2511510856686917,2.5918599478645206,0.24995591088673946,36,1037.2884036657024
2023-12-27 08:00:00+00:00,2023-12-27 12:00:00+00:00,2286.834572150712,2024-01-03 12:00:00+00:00,2221.701782334249,0.1618,2222.590975092596,2222.590975092596,,10.394614004003149,stop,0.7294811821556668,0.29184916228579183,-11.267966574459422,-1.0840197211863691,42,1039.880263613567
2024-01-04 12:00:00+00:00,2024-01-04 16:00:00+00:00,2277.790863833115,2024-01-05 00:00:00+00:00,2266.2029286522625,0.1101,2184.420998198419,2184.420998198419,,10.280022206380048,signal,0.50029371655264,0.20015466341187133,-1.7761253799644976,-0.17277446918958875,2,1028.6122970391075
2024-01-05 20:00:00+00:00,2024-01-06 00:00:00+00:00,2269.6877489229537,2024-01-06 04:00:00+00:00,2252.098345675458,0.1189,2183.338840105362,2183.338840105362,,10.26688525841166,signal,0.5376403666477512,0.21513804612721954,-2.6290204127749917,-0.25606796478231164,1,1026.836171659143
2024-01-08 12:00:00+00:00,2024-01-08 16:00:00+00:00,2270.4979799446983,2024-01-09 16:00:00+00:00,2256.2769833154166,0.143,2198.908124097107,2198.908124097107,,10.237349386205596,signal,0.6473288197461964,0.2589725179872348,-2.6809313377334547,-0.2618774876772203,6,1024.207151246368
2024-01-09 16:00:00+00:00,2024-01-09 20:00:00+00:00,2271.818629862048,2024-01-22 12:00:00+00:00,2380.3873306107575,0.1265,2191.0995710042744,2191.0995710042744,,10.210960945508358,signal,0.5885040539998099,0.23545435528828648,13.145436590711995,1.2873848662103118,76,1021.5262199086346
2024-02-06 16:00:00+00:00,2024-02-06 20:00:00+00:00,2380.0819489952837,2024-02-07 04:00:00+00:00,2363.803571456024,0.1857,2324.393921826115,2324.393921826115,,10.341266645314683,signal,0.8809395411478079,0.3525287090404705,-3.903834250188254,-0.37750058905569017,2,1034.6716564993467
2024-02-07 12:00:00+00:00,2024-02-07 16:00:00+00:00,2370.6082597948803,2024-02-23 12:00:00+00:00,2914.9031476846467,0.1988,2318.782648643793,2318.782648643793,,10.30293149683612,end,1.05075966780693,0.4204842875144983,107.15506404467862,10.400444191789918,95,1030.7678222491586
2024-02-23 16:00:00+00:00,2024-02-23 20:00:00+00:00,2947.1786045064896,2024-03-17 08:00:00+00:00,3471.3307584419526,0.1012,2834.8022072577123,2834.8022072577123,,11.37249140157628,signal,0.6495531475303824,0.2598660217311193,52.39464483073846,4.607138662991323,135,1137.922886293837
2024-03-17 08:00:00+00:00,2024-03-17 12:00:00+00:00,3580.4216857524953,2024-03-18 16:00:00+00:00,3523.7598624815832,0.0534,3357.8888246420393,3357.8888246420393,,11.883254783298339,signal,0.37936329467569985,0.15175336266671685,-3.405104657342406,-0.28654646554647706,7,1190.3175311245757
2024-03-25 16:00:00+00:00,2024-03-25 20:00:00+00:00,3640.4156537590725,2024-03-26 00:00:00+00:00,3588.9936231624547,0.0705,3472.2215232383774,3472.2215232383774,,11.857686201708995,signal,0.5096733540229677,0.2038881570615399,-4.134926511084501,-0.348712762401197,1,1186.9124264672332
2024-04-08 08:00:00+00:00,2024-04-08 12:00:00+00:00,3634.523325162905,2024-04-09 12:00:00+00:00,3505.6643519228473,0.0927,3507.0673669949674,3507.0673669949674,,11.81516732216781,stop,0.6618953976658493,0.2647827397868242,-12.607122217019253,-1.0670286652111616,6,1182.7774999561489
2024-04-09 12:00:00+00:00,2024-04-09 16:00:00+00:00,3531.342083030224,2024-04-12 16:00:00+00:00,3439.323570299829,0.0818,3388.3281618639935,3388.3281618639935,,11.698538751397649,signal,0.5702004504423983,0.22810034134629575,-8.097314791788733,-0.6921646338797083,18,1170.1703777391294
2024-04-27 20:00:00+00:00,2024-04-28 00:00:00+00:00,3256.8527221418335,2024-04-29 04:00:00+00:00,3176.3288021899803,0.1077,3148.954257471157,3148.954257471157,,11.620664645031898,signal,0.6928536501705365,0.2772111788145666,-9.36527982898508,-0.8059160224530663,7,1162.0730629473408
2024-05-05 12:00:00+00:00,2024-05-05 16:00:00+00:00,3161.4445175696,2024-05-05 20:00:00+00:00,3141.1923900687852,0.1034,3049.987215735219,3049.987215735219,,11.524685009675029,signal,0.6516926562498091,0.26078798358425076,-2.7457626398340835,-0.2382505584776506,1,1152.7077831183556
2024-05-06 04:00:00+00:00,2024-05-06 08:00:00+00:00,3181.812597120895,2024-05-06 12:00:00+00:00,3076.0501684835517,0.11,3077.2812477432462,3077.2812477432462,,11.498448431541393,stop,0.6883649042164892,0.2754044018648665,-12.322232054324218,-1.0716430245078201,1,1149.9620204785215
2024-05-17 12:00:00+00:00,2024-05-17 16:00:00+00:00,3112.7847853550597,2024-06-10 08:00:00+00:00,3646.34015367989,0.1174,3015.882678912264,3015.882678912264,,11.376307296384212,signal,0.7935212678427033,0.31752375866493704,61.84587897349235,5.43637556214301,142,1137.6397884241974
2024-06-10 08:00:00+00:00,2024-06-10 12:00:00+00:00,3677.42163298655,2024-06-10 20:00:00+00:00,3666.8615442041178,0.1667,3605.4911388308296,3605.4911388308296,,11.990813375758568,signal,1.2242920056376843,0.4901128000314498,-2.984658805669028,-0.24891212231715776,2,1199.4856673976897
2024-07-15 00:00:00+00:00,2024-07-15 04:00:00+00:00,3330.7020750993206,2024-07-25 00:00:00+00:00,3230.5214356537335,0.1209,3231.814452519084,3231.814452519084,,11.955513569950611,stop,0.7932519224500443,0.3173736185287669,-12.905091231421522,-1.0794259197578606,59,1196.5010085920208
2024-07-26 16:00:00+00:00,2024-07-26 20:00:00+00:00,3275.5102897192214,2024-07-27 04:00:00+00:00,3243.7013575701535,0.0929,3148.1463848572084,3148.1463848572084,,11.832106761680999,signal,0.605634762033183,0.24236979664842612,-3.5606845586816007,-0.30093411345924426,2,1183.5959173605993
2024-07-27 04:00:00+00:00,2024-07-27 08:00:00+00:00,3273.6199275967087,2024-07-28 00:00:00+00:00,3247.7001683439407,0.102,3158.0079235945796,3158.0079235945796,,11.79242440821718,signal,0.6651746497859463,0.2661954437823433,-3.3089900935682977,-0.2806030362393107,4,1180.0352328019176
2024-07-28 08:00:00+00:00,2024-07-28 12:00:00+00:00,3257.763510518163,2024-07-31 20:00:00+00:00,3264.883194400189,0.1049,3145.663284580017,3145.663284580017,,11.759313700911528,signal,0.6842256393459352,0.2738221607754705,0.06262919987858595,0.00532592304887072,20,1176.7262427083492
2024-08-23 16:00:00+00:00,2024-08-23 20:00:00+00:00,2747.6487865088843,2024-08-24 00:00:00+00:00,2745.501118318475,0.1257,2654.093250352604,2654.093250352604,,11.759930894844418,end,0.6904889430367991,0.27624689153439574,-0.9604508345711906,-0.0816714692594201,1,1176.788871908228
2022-08-13 08:00:00+00:00,2022-08-13 12:00:00+00:00,46.73869407961981,2022-08-15 04:00:00+00:00,44.00017014396456,1.837,44.01778171218827,44.01778171218827,,4.998316018971746,stop,0.16668729357872453,0.06669347508854578,-5.197355763377416,-1.0398213605642759,10,500.0
2022-08-15 04:00:00+00:00,2022-08-15 08:00:00+00:00,43.83753161315091,2022-08-17 12:00:00+00:00,40.75612828036345,1.614,40.77244440627482,40.77244440627482,,4.947050751898009,stop,0.1365341670681322,0.05463025084652208,-5.109919146187096,-1.032922321289427,13,494.80264423662254
2022-09-12 08:00:00+00:00,2022-09-12 12:00:00+00:00,37.715082211445846,2022-09-13 12:00:00+00:00,35.624814974392464,2.358,35.63907840953319,35.63907840953319,,4.89521696491004,stop,0.17293547756420674,0.06919703465113264,-5.1017856225360845,-1.0421980596788196,6,489.69272509043543
2022-09-23 20:00:00+00:00,2022-09-24 00:00:00+00:00,33.68347217151733,2022-09-25 20:00:00+00:00,32.716897731612704,2.321,31.595913398326722,31.595913398326722,,4.845223912575397,signal,0.15411525854516483,0.061679275018625974,-2.3975345335637996,-0.4948243005532082,11,484.5909394678994
2022-09-26 12:00:00+00:00,2022-09-26 16:00:00+00:00,33.1232511085247,2022-09-27 20:00:00+00:00,32.58695693029658,2.643,31.299435378008077,31.299435378008077,,4.820344975755434,signal,0.1736720798466046,0.06949551305692195,-1.5910975929035232,-0.33007961067229835,7,482.1934049343356
2022-09-28 12:00:00+00:00,2022-09-28 16:00:00+00:00,33.14325869042151,2022-10-01 20:00:00+00:00,32.63692890350321,2.464,31.192763770201864,31.192763770201864,,4.8060194834212115,signal,0.1620823822314305,0.0648765949666822,-1.4096789771981122,-0.29331528556239195,19,480.6023073414321
2022-10-04 00:00:00+00:00,2022-10-04 04:00:00+00:00,33.1232852102451,2022-10-07 16:00:00+00:00,32.88683307732689,3.768,31.8515650997287,31.8515650997287,,4.791841376425807,signal,0.24872612570757127,0.09967163683581076,-1.1396777625433714,-0.2378371221030374,21,479.192628364234
2022-10-27 04:00:00+00:00,2022-10-27 08:00:00+00:00,31.652661869523065,2022-10-27 12:00:00+00:00,31.347443392482013,3.031,30.075644012591027,30.075644012591027,,4.779941124361012,signal,0.1909533190491374,0.07643720391142511,-1.1160705229605696,-0.2334904330248978,1,478.05295060169067
2022-10-28 16:00:00+00:00,2022-10-28 20:00:00+00:00,32.022809492292645,2022-11-02 12:00:00+00:00,31.28746490049779,2.97,30.417360767575907,30.417360767575907,,4.768182712408706,signal,0.1880315149465876,0.07527343763073102,-2.3720049525773135,-0.4974651970454937,28,476.9368800787301
2022-11-03 00:00:00+00:00,2022-11-03 04:00:00+00:00,31.662669482155334,2022-11-03 12:00:00+00:00,31.24748428769094,2.81,29.974176957630267,29.974176957630267,,4.7446639939154425,signal,0.17677753209326802,0.0707703964449507,-1.343447928538211,-0.2831492241096627,2,474.5648751261528
2022-11-03 16:00:00+00:00,2022-11-03 20:00:00+00:00,31.322546379484663,2022-11-04 00:00:00+00:00,30.84763697945736,2.995,29.742979662674987,29.742979662674987,,4.73080231684498,signal,0.18619969916003137,0.07460365308177754,-1.608553352241799,-0.34001702977827225,1,473.2214271976146
2022-11-04 00:00:00+00:00,2022-11-04 04:00:00+00:00,31.952789558340047,2022-11-07 08:00:00+00:00,30.767684917399006,2.854,30.300510093335784,30.300510093335784,,4.715605593122163,signal,0.1790042341537593,0.07164864524573206,-3.5612928793994882,-0.7552143216968207,19,471.6128738453728
2022-11-07 08:00:00+00:00,2022-11-07 12:00:00+00:00,31.622646075178974,2022-11-07 20:00:00+00:00,29.038486061849863,1.819,29.050108114399077,29.050108114399077,,4.679446550658634,stop,0.11034259935725546,0.044143724337574346,-4.810929663602906,-1.0280980050783497,2,468.05158096597336
2022-12-13 16:00:00+00:00,2022-12-13 20:00:00+00:00,13.79552922779016,2022-12-16 12:00:00+00:00,13.494594083522305,7.834,13.204243628746203,13.204243628746203,,4.632131382910362,signal,0.21379082602082183,0.08566592019438582,-2.571316746215203,-0.5551044505563328,16,463.24065130237045
2023-01-03 12:00:00+00:00,2023-01-03 16:00:00+00:00,13.095236650724779,2023-02-09 20:00:00+00:00,21.79127661259163,4.378,12.043093514532163,12.043093514532163,,4.606282650251272,signal,0.15273315506679924,0.06111704694692657,37.91852979798628,8.231915554708271,223,460.66933455615526
2023-02-15 20:00:00+00:00,2023-02-16 00:00:00+00:00,23.869546436996284,2023-02-16 20:00:00+00:00,22.51294216923127,3.699,22.521953772567038,22.521953772567038,,4.984745265723785,stop,0.17156882535443574,0.06864619118826361,-5.189648011817226,-1.0411059613221156,5,498.5878643541415
2023-02-17 16:00:00+00:00,2023-02-17 20:00:00+00:00,23.46938889787921,2023-02-18 00:00:00+00:00,23.130739954721356,3.679,22.128326337693785,22.128326337693785,,4.933769158922182,signal,0.17144187404871747,0.06860946187774092,-1.4173313359264483,-0.2872715139830488,1,493.3982163423243
2023-02-18 00:00:00+00:00,2023-02-18 04:00:00+00:00,23.359350515752784,2023-02-18 08:00:00+00:00,23.210695099888138,3.67,22.018842491919433,22.018842491919433,,4.919664447468401,signal,0.17091206740940218,0.06846537622323992,-0.7164774436326553,-0.14563542926212086,1,491.98088500639784
2023-02-18 12:00:00+00:00,2023-02-18 16:00:00+00:00,23.419374624632407,2023-02-22 12:00:00+00:00,23.55057256465168,3.953,22.176839592430557,22.176839592430557,,4.911740982293911,signal,0.18567220123924,0.07432454310380696,0.3329532556569461,0.06778721778228791,23,491.2644075627652
2023-02-22 12:00:00+00:00,2023-02-22 16:00:00+00:00,23.669466657520513,2023-02-24 16:00:00+00:00,23.030781317246056,2.87,21.956759181208426,21.956759181208426,,4.915470457015684,signal,0.13402971168758004,0.053626926587686835,-1.967056638275281,-0.4001766779958504,12,491.5973608184222
2023-03-14 12:00:00+00:00,2023-03-14 16:00:00+00:00,21.918764776968153,2023-03-14 20:00:00+00:00,20.90163481031693,2.773,20.153512454706025,20.153512454706025,,4.895044689632884,signal,0.11874096805554155,0.04750139752383835,-2.939242365579382,-0.6004526111486468,1,489.63030418014694
2023-03-18 00:00:00+00:00,2023-03-18 04:00:00+00:00,22.649057310863487,2023-03-19 00:00:00+00:00,21.19151601457236,2.758,20.88500221529232,20.88500221529232,,4.8652639535852735,signal,0.12091230123155208,0.04837889517092152,-4.140811196402474,-0.8510969262728405,5,486.69106181456755
2023-03-19 00:00:00+00:00,2023-03-19 04:00:00+00:00,21.82873427398081,2023-03-19 08:00:00+00:00,21.54137364206518,2.69,20.034895321381505,20.034895321381505,,4.825426782492132,signal,0.11666559029416373,0.04670009985304254,-0.8896656901472042,-0.18437036354486536,1,482.5502506181651
2023-03-19 08:00:00+00:00,2023-03-19 12:00:00+00:00,21.698681473000562,2023-03-22 20:00:00+00:00,21.091559262921862,2.816,19.988483600606262,19.988483600606262,,4.815917208662347,signal,0.12049731791235754,0.04821614358161878,-1.8301534614939783,-0.3800217865461013,20,481.6605849280179
2023-03-23 04:00:00+00:00,2023-03-23 08:00:00+00:00,21.708686562854194,2023-03-24 20:00:00+00:00,20.75169465846093,2.811,20.002021184753644,20.002021184753644,,4.797436377840645,signal,0.11935613161311683,0.04776424324946832,-2.8094603748625815,-0.5856170157543885,8,479.8304314665239
2023-03-29 04:00:00+00:00,2023-03-29 08:00:00+00:00,21.20848650249044,2023-03-30 12:00:00+00:00,20.671719935932135,4.349,20.11171201563957,20.11171201563957,,4.76987224331445,signal,0.1821370178006998,0.07291779796207519,-2.516534815762782,-0.5275895637016292,7,477.02097109166135
2023-03-31 12:00:00+00:00,2023-03-31 16:00:00+00:00,20.87835347462852,2023-04-02 16:00:00+00:00,20.58175590805079,4.803,19.890431295470474,19.890431295470474,,4.7449902264960935,signal,0.19913290536500874,0.07971811227281818,-1.6236910176378245,-0.3421905926320165,12,474.50443627589857
2023-04-03 16:00:00+00:00,2023-04-03 20:00:00+00:00,20.91836922515026,2023-04-04 00:00:00+00:00,20.441814694377094,5.349,20.034352323371877,20.034352323371877,,4.728606407612587,signal,0.22123562378555184,0.08855018510566992,-2.770325808891215,-0.5858651725445504,1,472.88074525826073
2023-04-04 08:00:00+00:00,2023-04-04 12:00:00+00:00,20.978397354313422,2023-04-07 08:00:00+00:00,20.271870393200814,5.117,20.059759111610056,20.059759111610056,,4.70067188791312,signal,0.21107762006403036,0.0845684600132287,-3.826376080077253,-0.8140062040739429,17,470.1104194493695
2023-04-07 12:00:00+00:00,2023-04-07 16:00:00+00:00,20.54824268066105,2023-04-07 20:00:00+00:00,20.481740358599268,6.481,19.828810653089572,19.828810653089572,,4.662638970690755,signal,0.2659153200774461,0.10695154928241299,-0.6969168693598249,-0.14946833193404613,1,466.28404336929225
2023-04-08 04:00:00+00:00,2023-04-08 08:00:00+00:00,20.60827311194597,2023-04-08 16:00:00+00:00,20.441778467691638,7.189,19.9607033977782,19.9607033977782,,4.655378675152088,signal,0.29510882080601475,0.11857999754437601,-1.4920388183504087,-0.3204978418434812,2,465.5871264999324
2023-04-10 16:00:00+00:00,2023-04-10 20:00:00+00:00,20.698290418106225,2023-04-20 20:00:00+00:00,21.771283341165933,7.718,20.097023029508605,20.097023029508605,,4.64058170519644,signal,0.3277801702740626,0.13126061982517295,7.9535792099007665,1.7139185807232942,60,464.0950876815821
2023-04-20 20:00:00+00:00,2023-04-21 00:00:00+00:00,22.198883902574,2023-04-21 16:00:00+00:00,21.861246357695723,3.102,20.677532543743066,20.677532543743066,,4.71923191509356,signal,0.1366745240673567,0.0547116642124134,-1.1840261882797591,-0.2508938339081998,4,472.04866689148287
2023-04-23 04:00:00+00:00,2023-04-23 08:00:00+00:00,22.078840925632775,2023-04-23 16:00:00+00:00,21.641331167151346,4.402,21.00924219953795,21.00924219953795,,4.708373592269417,signal,0.19245619755243573,0.0770779568352436,-2.118374154387695,-0.4499163273419531,2,470.8646407032031
2023-04-25 20:00:00+00:00,2023-04-26 00:00:00+00:00,21.948783132316468,2023-04-26 16:00:00+00:00,20.86313977821032,4.351,20.87149142965783,20.87149142965783,,4.687296198267725,stop,0.18627467658370206,0.07455344415705538,-4.909908910299535,-1.0474927767769575,4,468.7462665488154
2023-04-27 12:00:00+00:00,2023-04-27 16:00:00+00:00,22.258903349519485,2023-05-01 16:00:00+00:00,21.881238720531424,3.397,20.893488008658572,20.893488008658572,,4.638315912904522,signal,0.14994406261196294,0.06000674467244504,-1.4328708072844165,-0.30892048626915325,24,463.8363576385159
2023-05-02 12:00:00+00:00,2023-05-02 16:00:00+00:00,22.198881166898357,2023-05-03 04:00:00+00:00,21.88123311733575,4.834,21.242409540318757,21.242409540318757,,4.623583842885787,signal,0.21308327244998768,0.08531067158563693,-1.7485939440356333,-0.37819016664446536,3,462.4034868312315
2023-05-03 20:00:00+00:00,2023-05-04 00:00:00+00:00,22.24890208785852,2023-05-04 08:00:00+00:00,22.101135267545505,4.852,21.299580397465242,21.299580397465242,,4.606108841788186,signal,0.21518638124842038,0.08620461215876074,-0.9321509934071628,-0.20237276743232205,2,460.65489288719584
2023-05-04 08:00:00+00:00,2023-05-04 12:00:00+00:00,22.25891687095186,2023-05-04 16:00:00+00:00,21.801268706288084,5.162,21.368472354263073,21.368472354263073,,4.59647459514752,signal,0.22743867794971262,0.09109982599440856,-2.5898185039441444,-0.5634358355158114,1,459.7227418937887
2023-05-05 12:00:00+00:00,2023-05-05 16:00:00+00:00,22.32893363006186,2023-05-06 16:00:00+00:00,21.771282755919426,5.106,21.433739898592663,21.433739898592663,,4.570859192881721,signal,0.22517570486682048,0.09012536337128015,-3.0725410682381096,-0.6722020824931627,6,457.13292338984456
2023-05-07 12:00:00+00:00,2023-05-07 16:00:00+00:00,22.46899601725094,2023-05-08 00:00:00+00:00,21.641334177586216,5.356,21.62128831745197,21.62128831745197,,4.540322440123292,signal,0.23625492852354785,0.09459681324425168,-4.6692117417678105,-1.0283876978660174,2,454.0603823216065
2023-05-30 08:00:00+00:00,2023-05-30 12:00:00+00:00,21.288523930041134,2023-05-30 16:00:00+00:00,20.941611117587467,6.438,20.59058793231876,20.59058793231876,,4.49331195333665,signal,0.2718776094366329,0.10888468657669415,-2.5053022960133546,-0.5575625111345683,1,449.3911705798387
2023-05-30 16:00:00+00:00,2023-05-30 20:00:00+00:00,21.368554774496822,2023-05-31 04:00:00+00:00,20.605231186407178,5.918,20.613497715236203,20.613497715236203,,4.468427676704343,stop,0.2484008653166299,0.0995484730823696,-4.765749859631143,-1.0665384346437687,2,446.88586828382535
2023-06-02 04:00:00+00:00,2023-06-02 08:00:00+00:00,20.98840723696169,2023-06-05 12:00:00+00:00,20.26705030103194,6.198,20.27517518068326,20.27517518068326,,4.420612284813732,stop,0.2557013258204846,0.10246605876743953,-4.726671614713084,-1.0692346014941791,19,442.12011842419423
2023-06-29 08:00:00+00:00,2023-06-29 12:00:00+00:00,18.067225071592137,2023-06-29 16:00:00+00:00,17.662930362206914,3.946,16.958848313038303,16.958848313038303,,4.373654689253429,signal,0.14099119334177107,0.05640692323410062,-1.7363381165758511,-0.39699936093314203,1,437.3934468094812
2023-06-29 20:00:00+00:00,2023-06-30 00:00:00+00:00,18.00720393511179,2023-08-02 16:00:00+00:00,23.240693316461368,3.842,16.873346887537892,16.873346887537892,,4.35627877677891,signal,0.15847442124054406,0.06343379685492057,19.94859178190454,4.579273458861325,202,435.65710869290535
2023-08-08 16:00:00+00:00,2023-08-08 20:00:00+00:00,24.599839748247472,2023-08-10 04:00:00+00:00,24.23028487645659,4.916,23.673220376167567,23.673220376167567,,4.555260833144806,signal,0.2400488926550452,0.09613174972396937,-2.0567806423790103,-0.45151764470072614,8,455.6057004748099
2023-08-10 04:00:00+00:00,2023-08-10 08:00:00+00:00,24.32975129662534,2023-08-13 08:00:00+00:00,24.68009245667419,5.289,23.472283824601103,23.472283824601103,,4.535145459536192,end,0.2592130636112012,0.10397560450164249,1.593741331887145,0.3514201134466228,18,453.5489198324309
2023-08-13 12:00:00+00:00,2023-08-13 16:00:00+00:00,24.5898529834844,2023-08-15 16:00:00+00:00,23.94914297925769,7.211,23.958747459215626,23.958747459215626,,4.550901935502116,stop,0.35001469988733325,0.14030776888268576,-4.970174540366116,-1.0921295626243241,12,455.14266116431804
2023-08-15 16:00:00+00:00,2023-08-15 20:00:00+00:00,24.059625191840436,2023-08-16 04:00:00+00:00,23.680512155646543,5.329,23.21493204775211,23.21493204775211,,4.50136976484668,signal,0.25440719192475814,0.1018533698772566,-2.274700561802007,-0.5053351936484349,2,450.1724866239519
2023-09-18 00:00:00+00:00,2023-09-18 04:00:00+00:00,19.207690716182935,2023-09-27 00:00:00+00:00,19.022376967985917,6.168,18.481529427122947,18.481529427122947,,4.478962830922005,signal,0.23580305747595348,0.09445519887921816,-1.3788182563551743,-0.3078432012956315,53,447.89778606214986
2023-09-27 08:00:00+00:00,2023-09-27 12:00:00+00:00,19.39776769905189,2023-09-27 12:00:00+00:00,18.841103631220157,8.131,18.848654146942344,18.848654146942344,,4.464842292202722,stop,0.310920262786442,0.12455240432801575,-4.837155798326279,-1.0833878291230474,0,446.5189678057947
2023-09-28 00:00:00+00:00,2023-09-28 04:00:00+00:00,19.217701975559454,2023-09-28 12:00:00+00:00,19.162310103026794,7.229,18.606721338278092,18.606721338278092,,4.4167790269069584,signal,0.2774491073161,0.11126784653860275,-0.6778769538547067,-0.15347766997739515,2,441.68181200746847
2023-09-28 12:00:00+00:00,2023-09-28 16:00:00+00:00,19.607852149867753,2023-10-12 04:00:00+00:00,21.701299870916696,7.361,19.008790757700424,19.008790757700424,,4.409690907743709,signal,0.30407666802499433,0.12184132535872925,15.105792006616241,3.4255897573431895,81,441.00393505361376
2023-10-16 04:00:00+00:00,2023-10-16 08:00:00+00:00,22.829138082395726,2023-11-22 00:00:00+00:00,51.629333547926414,6.79,22.157404574719724,22.157404574719724,,4.561070517120061,signal,0.5055730223698873,0.2023727890466155,195.0477541885835,42.763591015852136,220,456.10972706023006
2023-11-22 00:00:00+00:00,2023-11-22 04:00:00+00:00,54.38174624942597,2023-11-26 16:00:00+00:00,57.06715970375038,1.203,48.97063865262441,48.97063865262441,,6.509562438952284,signal,0.13407303386167116,0.05363761444774633,3.09647935169059,0.47568164231157894,27,651.1574812488136
2023-11-28 16:00:00+00:00,2023-11-28 20:00:00+00:00,58.0632195406356,2024-01-03 20:00:00+00:00,97.34104388718639,2.126,54.9871290857938,54.9871290857938,,6.539768306993656,signal,0.33038946404754954,0.1321854392330189,83.17426509671942,12.718228107220941,216,654.2539606005041
2024-01-04 00:00:00+00:00,2024-01-04 04:00:00+00:00,101.14044367930771,2024-01-04 08:00:00+00:00,98.8504398349055,0.729,91.03448751248317,91.03448751248317,,7.367242045615088,signal,0.14579335408186142,0.05832280256921366,-1.8152061566510866,-0.24638883118160615,1,737.4282256972235
2024-01-04 12:00:00+00:00,2024-01-04 16:00:00+00:00,103.70146644699082,2024-01-05 04:00:00+00:00,100.87962914797536,0.756,93.98039294170164,93.98039294170164,,7.349131569998622,signal,0.15466330826979444,0.06186899805568885,-2.2879723063254715,-0.3113255334365854,3,735.6130195405725
2024-01-11 08:00:00+00:00,2024-01-11 12:00:00+00:00,104.48177935479396,2024-01-11 16:00:00+00:00,100.74968287721819,0.776,95.04155731436197,95.04155731436197,,7.325612303375228,signal,0.15925961469204145,0.06370686659880095,-3.0553664812908323,-0.41708001389632543,1,733.325047234247
2024-01-17 00:00:00+00:00,2024-01-17 04:00:00+00:00,99.99998996474082,2024-01-17 08:00:00+00:00,97.28106370130054,1.167,93.7429245044178,93.7429245044178,,7.301995392196965,signal,0.2302269896282703,0.09210694943480713,-3.403213939063079,-0.4660662950704968,1,730.2696807529561
2024-01-17 08:00:00+00:00,2024-01-17 12:00:00+00:00,102.05080787120659,2024-01-18 16:00:00+00:00,98.21069096044276,1.08,95.32190959164235,95.32190959164235,,7.267210141929375,signal,0.21628241873818133,0.08652626362492584,-4.363608682363122,-0.6004516997776845,7,726.866466813893
2024-01-27 16:00:00+00:00,2024-01-27 20:00:00+00:00,93.14726064875944,2024-02-01 04:00:00+00:00,93.56255593981855,1.52,88.3963216234959,88.3963216234959,,7.221427318400588,signal,0.28379892121463857,0.11355115759014553,0.34744992119522067,0.048113746199438916,26,722.5028581315299
2024-02-01 04:00:00+00:00,2024-02-01 08:00:00+00:00,94.96797745013815,2024-02-11 20:00:00+00:00,107.41700265831689,1.119,88.51369998539833,88.51369998539833,,7.222336483043853,end,0.22646879274136122,0.09061079204797651,13.70399041521064,1.8974455769796943,63,722.8503080527252
2024-02-12 00:00:00+00:00,2024-02-12 04:00:00+00:00,106.322520632319,2024-02-20 16:00:00+00:00,106.57734780567742,1.608,101.74208628272773,101.74208628272773,,7.365338434142757,signal,0.34234298844829825,0.13695790523966367,0.06741910631203041,0.009153565299797013,51,736.5542984679358
2024-02-20 16:00:00+00:00,2024-02-20 20:00:00+00:00,107.3629341397898,2024-02-21 04:00:00+00:00,106.58733426272141,1.243,101.43835370803426,101.43835370803426,,7.364253476672148,signal,0.2659401836243215,0.10640064719600838,-1.2300108308203335,-0.1670245103209248,2,736.6217175742478
2024-02-26 16:00:00+00:00,2024-02-26 20:00:00+00:00,109.74388413046849,2024-02-27 16:00:00+00:00,106.76727116121138,1.435,104.62231788171204,104.62231788171204,,7.349447566965512,signal,0.31069350784356065,0.12428961088394366,-4.582133118727512,-0.6234663322619516,5,735.3917067434274
2024-02-27 16:00:00+00:00,2024-02-27 20:00:00+00:00,108.45337056187799,2024-02-28 04:00:00+00:00,107.52695930522981,1.307,102.86300670896675,102.86300670896675,,7.306605555754991,signal,0.28228629113630993,0.11293951243916668,-1.4931058035754745,-0.20435013114940104,2,730.8095736246999
2024-02-28 04:00:00+00:00,2024-02-28 08:00:00+00:00,110.13404999049412,2024-04-02 04:00:00+00:00,183.51655276038434,1.362,104.78197659951526,104.78197659951526,,7.2895239585132074,signal,0.3999521209466965,0.16003122740951595,99.54701665164379,13.656175247957849,203,729.3164678211244
2024-04-03 00:00:00+00:00,2024-04-03 04:00:00+00:00,188.54539324947572,2024-04-03 20:00:00+00:00,185.5757324564033,0.657,175.93808938779415,175.93808938779415,,8.282998637124788,signal,0.24579757958876253,0.09832714104858525,-2.196864720637322,-0.26522577352492505,4,828.8634844727683
2024-04-04 08:00:00+00:00,2024-04-04 12:00:00+00:00,185.7042693029008,2024-04-05 00:00:00+00:00,183.9263912262332,0.721,174.2527919844543,174.2527919844543,,8.256515146599932,signal,0.26650370624150566,0.10662009327734648,-1.5483537995188499,-0.1875311523114529,3,826.6666197521309
2024-04-22 20:00:00+00:00,2024-04-23 00:00:00+00:00,157.00278747558693,2024-04-23 08:00:00+00:00,153.55854273751453,0.843,147.2250174682329,147.2250174682329,,8.242660116199453,signal,0.2618032013696445,0.10473831419503815,-3.165301515564664,-0.3840145621610478,2,825.1182659526121
2024-04-23 12:00:00+00:00,2024-04-23 16:00:00+00:00,157.99317832329365,2024-04-24 16:00:00+00:00,151.44939237658906,0.875,148.60265642668705,148.60265642668705,,8.216706659530768,signal,0.27076224936239734,0.10831270336650078,-5.996574952728906,-0.7298027301209938,6,821.9529644370474
2024-05-03 12:00:00+00:00,2024-05-03 16:00:00+00:00,142.14683952211274,2024-05-09 00:00:00+00:00,142.11312596488042,0.763,131.46578955465958,131.46578955465958,,8.14964112516676,signal,0.2168903536665758,0.08676344416824627,-0.24261379783483505,-0.029769875029910676,32,815.9563894843185
2024-05-09 00:00:00+00:00,2024-05-09 04:00:00+00:00,144.18766836845575,2024-05-09 12:00:00+00:00,142.74286728273165,0.977,135.84283326755846,135.84283326755846,,8.152903893576651,signal,0.2803311333312101,0.11216066075245587,-1.691901794083634,-0.20752137105609894,2,815.7137756864837
2024-05-09 12:00:00+00:00,2024-05-09 16:00:00+00:00,146.52859674366331,2024-05-13 04:00:00+00:00,140.0739409116042,0.956,138.0167298644099,138.0167298644099,,8.13734473656625,signal,0.27399202599843575,0.1096109754484994,-6.444643001446934,-0.7919835290358372,21,814.0218738924
2024-05-13 04:00:00+00:00,2024-05-13 08:00:00+00:00,143.61743461812327,2024-05-15 00:00:00+00:00,141.9731550070804,1.06,136.00412762295176,136.00412762295176,,8.070105414881805,signal,0.30272602500271595,0.1211363877054322,-2.0456624127081113,-0.25348645495209704,10,807.577230890953
2024-05-15 00:00:00+00:00,2024-05-15 04:00:00+00:00,144.01760979022515,2024-05-26 20:00:00+00:00,162.64490161086937,1.099,136.6929759720061,136.6929759720061,,8.049772566222732,signal,0.3370221000298029,0.13485628911200542,20.13437161085818,2.5012348417572765,70,805.5315684782449
2024-05-26 20:00:00+00:00,2024-05-27 00:00:00+00:00,163.48539205722372,2024-05-30 08:00:00+00:00,164.92399169862148,1.079,155.8363458478619,155.8363458478619,,8.253320859901393,signal,0.35435372507255697,0.14178098693184243,1.1978952879956353,0.1451410054606731,20,825.6659400891031
2024-05-30 12:00:00+00:00,2024-05-30 16:00:00+00:00,168.53740215281815,2024-05-31 00:00:00+00:00,166.81322473375553,1.048,160.64966509935172,160.64966509935172,,8.266348432032808,signal,0.35144745697712926,0.140617935177615,-2.1583853921547416,-0.2611050586484854,2,826.8638353770987
2024-06-04 20:00:00+00:00,2024-06-05 00:00:00+00:00,171.8487563785067,2024-06-06 20:00:00+00:00,169.0523290963719,1.512,166.39502757640474,166.39502757640474,,8.246037948778135,signal,0.5154424412380165,0.20627805058782336,-4.743640491825829,-0.5752629955491199,11,824.7054499849439
2024-06-06 20:00:00+00:00,2024-06-07 00:00:00+00:00,170.21808640788308,2024-06-07 16:00:00+00:00,164.85746730856417,1.548,164.92346225153034,164.92346225153034,,8.196078194034051,stop,0.5186969571530604,0.20755793111462834,-8.8169353228987,-1.075750513131582,4,819.961809493118
2024-06-27 12:00:00+00:00,2024-06-27 16:00:00+00:00,147.82911090488392,2024-06-28 20:00:00+00:00,139.88813471142785,1.028,139.94412327392678,139.94412327392678,,8.105767284623928,stop,0.2957733284935685,0.11832225246955295,-8.459096855366425,-1.0435898981966505,7,811.1448741702193
2024-06-28 20:00:00+00:00,2024-06-29 00:00:00+00:00,140.0860335634885,2024-06-30 04:00:00+00:00,138.24465552390353,1.077,132.63433161173157,132.63433161173157,,8.02548300204223,signal,0.2997621521471212,0.11995414863303583,-2.282926300780133,-0.2844596767819707,7,802.6857773148529
2024-06-30 04:00:00+00:00,2024-06-30 08:00:00+00:00,140.70628232764113,2024-07-04 00:00:00+00:00,134.2449770353026,1.249,134.29871088257696,134.29871088257696,,8.00305673488515,stop,0.3434141229443167,0.1374102024694248,-8.41358443307513,-1.0512963623512126,22,800.4028510140727
2024-07-06 08:00:00+00:00,2024-07-06 12:00:00+00:00,138.795504238554,2024-07-07 16:00:00+00:00,137.02515792023564,0.838,129.35098568432247,129.35098568432247,,7.914506548446031,signal,0.23113771488906576,0.0924702147507886,-1.7146879296398652,-0.21665127435854287,7,791.9892665809975
2024-07-08 08:00:00+00:00,2024-07-08 12:00:00+00:00,140.65624408968245,2024-07-08 16:00:00+00:00,137.38502018921875,0.838,131.23471624311958,131.23471624311958,,7.895240335419678,signal,0.23299857946571922,0.09320562858857977,-2.9742842080542857,-0.3767186408133813,1,790.2745786513577
2024-07-08 20:00:00+00:00,2024-07-09 00:00:00+00:00,139.865935461146,2024-07-11 16:00:00+00:00,138.38461911913842,0.819,130.25871363938992,130.25871363938992,,7.868314672018211,signal,0.2278872042012529,0.09116808410419928,-1.4410852883054588,-0.18315043924594626,16,787.3002944433034
2024-07-13 20:00:00+00:00,2024-07-14 00:00:00+00:00,141.94677822942046,2024-08-01 00:00:00+00:00,171.63130568482146,1.276,135.79264988890458,135.79264988890458,,7.852667762498268,signal,0.4001256350745727,0.16010296690833184,37.4773313980171,4.772560425515056,108,785.859209154998
2024-08-18 16:00:00+00:00,2024-08-18 20:00:00+00:00,146.49860417836598,2024-08-19 00:00:00+00:00,142.36300763826537,1.221,139.76002207641045,139.76002207641045,,8.227808746487705,signal,0.35270002802810696,0.14114337546282912,-5.4022634034909345,-0.6565859234145492,1,823.3365405530151
2024-08-20 00:00:00+00:00,2024-08-20 04:00:00+00:00,145.63824768195548,2024-08-20 16:00:00+00:00,142.10312545800204,1.264,139.16936242329837,139.16936242329837,,8.176670966942575,signal,0.3637050956489063,0.14551449107712372,-4.832099586726088,-0.5909617258982,3,817.9342771495242
2024-08-23 16:00:00+00:00,2024-08-23 20:00:00+00:00,149.75988922664553,2024-08-28 00:00:00+00:00,146.721280007074,1.39,143.91322857306676,143.91322857306676,,8.126858308474477,signal,0.41210882523487014,0.16486681520443908,-4.635775640439277,-0.5704265368580638,25,813.1021775627981
2024-08-28 00:00:00+00:00,2024-08-28 04:00:00+00:00,148.22928483310358,2024-08-28 08:00:00+00:00,143.91240093935417,1.119,141.0084181823883,141.0084181823883,,8.080149782150398,signal,0.3269065463793802,0.13079307710559784,-5.157499623484966,-0.6382925765656269,1,808.4664019223588
2024-08-28 08:00:00+00:00,2024-08-28 12:00:00+00:00,147.20886997117285,2024-08-28 16:00:00+00:00,144.0523465989721,1.038,139.47526556315813,139.47526556315813,,8.027481375519267,signal,0.3023291427998105,0.1209512603443888,-3.578800403144186,-0.44581858689303866,1,803.3089022988738
2024-09-12 00:00:00+00:00,2024-09-12 04:00:00+00:00,135.6642621058993,2024-09-12 08:00:00+00:00,134.84600790140078,1.364,129.80523121800428,129.80523121800428,,7.991718131088811,signal,0.36897600828995736,0.14765873493596426,-1.4850747432259368,-0.18582671696700678,1,799.7301018957297
2024-09-12 16:00:00+00:00,2024-09-12 20:00:00+00:00,135.7943204990822,2024-09-13 12:00:00+00:00,132.5369360642585,1.452,130.29965418324585,130.29965418324585,,7.978255490594397,signal,0.38961698452997073,0.15592219936401283,-5.11933918389397,-0.6416614747333153,4,798.2450271525038
2024-09-13 12:00:00+00:00,2024-09-13 16:00:00+00:00,136.6346445058453,2024-09-15 20:00:00+00:00,131.26213058479013,1.49,131.31467343648836,131.31467343648836,,7.926756893341855,stop,0.3991661948850468,0.15970916273984984,-8.40421193725723,-1.0602333401086663,13,793.1256879686098
2024-09-17 12:00:00+00:00,2024-09-17 16:00:00+00:00,134.71387907851272,2024-09-17 20:00:00+00:00,132.16709302777406,1.74,130.20538278275154,130.20538278275154,,7.8447835546244535,signal,0.46437289146493904,0.185807728285273,-4.895780619750212,-0.6240810324032686,1,784.7214760313526
2024-09-18 20:00:00+00:00,2024-09-19 00:00:00+00:00,134.39375726714655,2024-10-01 20:00:00+00:00,145.3618255313356,1.369,128.6984095419991,128.6984095419991,,7.796931035726859,signal,0.3829853928511221,0.15323454632517863,14.632300060823638,1.8766742957935578,77,779.8256954116024
2024-10-02 00:00:00+00:00,2024-10-02 04:00:00+00:00,147.25889390438147,2024-10-02 12:00:00+00:00,146.07153270881034,1.037,139.60013305517674,139.60013305517674,,7.942135000625294,signal,0.30418365239787987,0.1217035598072671,-1.5354772122051372,-0.19333305365424375,2,794.4579954724261
2024-10-02 12:00:00+00:00,2024-10-02 16:00:00+00:00,147.51899435613677,2024-10-02 16:00:00+00:00,139.85001332041313,1.041,139.90598503190108,139.90598503190108,,7.925142706529366,stop,0.2991511369912884,0.11967967639733437,-8.282560395179615,-1.0450992116969426,0,792.922518260221
2024-10-07 00:00:00+00:00,2024-10-07 04:00:00+00:00,150.00999597742725,2024-10-07 08:00:00+00:00,147.96077167847918,1.405,144.42850601819836,144.42850601819836,,7.841993392716579,signal,0.41864892855654856,0.16751014002207681,-3.297809068578573,-0.4205319876501662,1,784.6399578650414
2024-10-07 12:00:00+00:00,2024-10-07 16:00:00+00:00,148.75948944256328,2024-10-07 20:00:00+00:00,147.04114456490004,1.243,142.47676588555677,142.47676588555677,,7.80942538135909,signal,0.3676801880712769,0.14710268293541656,-2.5035828710066994,-0.32058477400689317,1,781.3421487964629
2024-10-13 20:00:00+00:00,2024-10-14 00:00:00+00:00,147.79914240925015,2024-11-01 08:00:00+00:00,165.89357125132238,1.721,143.2760109022612,143.2760109022612,,7.784309323528004,signal,0.5398651602098454,0.21610796279368505,30.60064687699648,3.9310676908105773,110,778.8385659254561
2024-11-01 08:00:00+00:00,2024-11-01 12:00:00+00:00,167.94717649746758,2024-11-01 16:00:00+00:00,164.0343523833117,1.164,160.99712032650237,160.99712032650237,,8.089865383003492,signal,0.3864264996172271,0.15460726887744497,-4.940953768494666,-0.6107584656322498,1,809.4392128024526
2024-11-02 04:00:00+00:00,2024-11-02 08:00:00+00:00,167.69711331589602,2024-11-02 12:00:00+00:00,165.96353693635916,1.084,160.28122688114007,160.28122688114007,,8.038820895275446,signal,0.3616881448734447,0.1447967954179585,-2.24088494029138,-0.2787579135652079,1,804.4982590339579
2024-11-06 00:00:00+00:00,2024-11-06 04:00:00+00:00,185.01397874286283,2024-11-26 12:00:00+00:00,227.6389023424682,0.8,174.98792965786362,174.98792965786362,,8.020839267999362,signal,0.3301223048682649,0.13206112031568865,33.76981657481605,4.210259730493172,122,802.2573740936665
2024-11-27 04:00:00+00:00,2024-11-27 08:00:00+00:00,234.44374973026498,2024-11-28 16:00:00+00:00,232.96676412323654,0.564,219.63649934661044,219.63649934661044,,8.351289216381169,signal,0.2636195298133749,0.1054598823640441,-1.0966394121774101,-0.13131378686135511,8,836.0271906684825
2024-11-28 16:00:00+00:00,2024-11-28 20:00:00+00:00,235.56420918050054,2024-12-01 00:00:00+00:00,237.50493613686436,0.664,223.0056235166601,223.0056235166601,,8.338900880790042,signal,0.3141179124907303,0.12567730097442176,0.974524786534829,0.11686489628145104,13,834.9305512563051
2024-12-05 08:00:00+00:00,2024-12-05 12:00:00+00:00,241.88672345941188,2024-12-05 16:00:00+00:00,238.97436765553567,0.561,226.9929049065172,226.9929049065172,,8.355432208173918,signal,0.26976307211548567,0.10791160597455438,-1.903594678090002,-0.2278271944122485,1,835.9050760428398
2024-12-06 00:00:00+00:00,2024-12-06 04:00:00+00:00,242.07679593593863,2024-12-06 08:00:00+00:00,239.2142648649212,0.483,224.8325572934661,224.8325572934661,,8.328967264314237,signal,0.2324635823668153,0.09299250730142425,-1.6150660896682325,-0.19390952544477416,1,834.0014813647498
2024-12-07 12:00:00+00:00,2024-12-07 16:00:00+00:00,240.94634997249224,2024-12-08 00:00:00+00:00,238.0447313048499,0.608,227.2573026513939,227.2573026513939,,8.322940771227788,signal,0.29122657741662406,0.11650414992653713,-2.0554107273431725,-0.2469572695325046,2,832.3864152750815
2024-12-08 00:00:00+00:00,2024-12-08 04:00:00+00:00,240.7662889872578,2024-12-08 08:00:00+00:00,237.50493737912132,0.651,228.0299344083755,228.0299344083755,,8.291366830852382,signal,0.31135456836451286,0.12456989689686171,-2.4344944652613947,-0.2936179902452971,1,830.3310045477383
2024-12-31 12:00:00+00:00,2024-12-31 16:00:00+00:00,198.51939019339014,2024-12-31 20:00:00+00:00,193.73245851188224,0.843,188.70418688718473,188.70418688718473,,8.27421638713115,signal,0.3306683084585446,0.13229340751115898,-4.366051715969718,-0.5276695111285967,1,827.896510082477
2025-01-02 00:00:00+00:00,2025-01-02 04:00:00+00:00,198.6294353660197,2025-01-08 04:00:00+00:00,198.60051685769878,0.918,189.66019147993495,189.66019147993495,,8.233765887425792,signal,0.3646570961413736,0.1458871906385943,-0.3912042867799812,-0.047512194556977805,36,823.5304583665072
2025-01-15 16:00:00+00:00,2025-01-15 20:00:00+00:00,201.98077214183354,2025-01-27 12:00:00+00:00,225.7496555631517,0.837,192.1529538924629,192.1529538924629,,8.225883874723214,signal,0.35801036798907265,0.14322457635670588,19.536545055654216,2.3750086134435717,70,823.1392540797272
2025-01-27 12:00:00+00:00,2025-01-27 16:00:00+00:00,233.76347122586554,2025-01-27 20:00:00+00:00,226.4493811305857,0.459,215.419004067484,215.419004067484,,8.420110425697127,signal,0.21123769923161112,0.08449735373345404,-3.568405052965076,-0.423795517226799,1,842.6757991353813
2025-01-27 20:00:00+00:00,2025-01-28 00:00:00+00:00,234.9939674857339,2025-01-29 00:00:00+00:00,226.96916856075472,0.44,215.95593202774165,215.95593202774165,,8.376735601516591,signal,0.20326377986045502,0.08131152699083145,-3.7341753068512844,-0.4457792969107464,6,839.1073940824162
2025-01-29 04:00:00+00:00,2025-01-29 08:00:00+00:00,234.513788622105,2025-01-29 12:00:00+00:00,231.88718768866622,0.525,218.60447984307882,218.60447984307882,,8.352387108988754,signal,0.24486051256315491,0.09796549005536832,-1.6238260026185145,-0.19441460045248254,1,835.373218775565
2025-01-30 00:00:00+00:00,2025-01-30 04:00:00+00:00,240.34610803491026,2025-01-31 04:00:00+00:00,235.85560657334898,0.478,222.93223869384147,222.93223869384147,,8.323829545030877,signal,0.22762441958274793,0.09105969862628638,-2.3740841182090406,-0.28521536936401,6,833.7493927729465
2025-01-31 12:00:00+00:00,2025-01-31 16:00:00+00:00,240.19605060685282,2025-01-31 20:00:00+00:00,230.41778614640629,0.619,226.78179414247484,226.78179414247484,,8.303424751449963,signal,0.2913099649502674,0.11653570101640372,-6.3440556659666925,-0.7640288020745751,1,831.3753086547374
